Data;Moeda;Qtd;Tipo;Status
2018-12-03;BTC;0,46564768;ENTRADA;Entrada Direta/Rendimento
2018-12-04;XEM;12202,79;SAÍDA;Levantamento Externo
2018-12-11;BTC;0,24685529;SAÍDA;Levantamento Externo
2018-12-26;BTC;0,45253251;ENTRADA;Entrada Direta/Rendimento
2018-12-27;XEM;3225,78;SAÍDA;Levantamento Externo
2018-12-27;POLY;2352,645;SAÍDA;Levantamento Externo
2018-12-27;DASH;2,059;SAÍDA;Levantamento Externo
2018-12-27;BNB;67,97682188;SAÍDA;Levantamento Externo
2018-12-27;ETH;4,450545;SAÍDA;Levantamento Externo
2018-12-29;BTC;0,10004989;ENTRADA;Entrada Direta/Rendimento
2018-12-30;IOTA;10,0;SAÍDA;Levantamento Externo
2018-12-30;IOTA;22,967;SAÍDA;Levantamento Externo
2019-01-02;BTC;0,08931008;ENTRADA;Entrada Direta/Rendimento
2019-01-02;BTC;0,13100769;ENTRADA;Entrada Direta/Rendimento
2019-01-03;BTC;0,10135079;ENTRADA;Entrada Direta/Rendimento
2019-01-03;ADA;8041,95;SAÍDA;Levantamento Externo
2019-01-03;IOTA;1047,951;SAÍDA;Levantamento Externo
2019-01-04;NEO;10,0;SAÍDA;Levantamento Externo
2019-01-15;XRP;779,22;SAÍDA;Levantamento Externo
2019-01-18;BTC;0,05370705;ENTRADA;Entrada Direta/Rendimento
2019-01-19;BTC;0,05292755;ENTRADA;Entrada Direta/Rendimento
2019-01-19;XRP;297,702;SAÍDA;Levantamento Externo
2019-01-20;ADA;2134,862999;SAÍDA;Levantamento Externo
2019-01-20;XLM;1825,173;SAÍDA;Levantamento Externo
2019-01-21;EOS;2,0;SAÍDA;Levantamento Externo
2019-01-22;EOS;0,2;SAÍDA;Levantamento Externo
2019-01-22;EOS;201,3117;SAÍDA;Levantamento Externo
2019-01-27;TRX;5870,5;ENTRADA;Entrada Direta/Rendimento
2019-01-28;DASH;2,05699808;ENTRADA;Entrada Direta/Rendimento
2019-01-28;ZEC;2,09698272;ENTRADA;Entrada Direta/Rendimento
2019-01-30;IOTA;952,0;SAÍDA;Levantamento Externo
2019-01-31;XEM;3222,37;ENTRADA;Entrada Direta/Rendimento
2019-01-31;ETH;1,28118718;SAÍDA;Levantamento Externo
2019-02-19;BTC;0,30208312;ENTRADA;Entrada Direta/Rendimento
2019-02-22;BNB;57,70435358;SAÍDA;Levantamento Externo
2019-02-26;IOTA;2564,0;SAÍDA;Levantamento Externo
2019-03-08;ETH;6,1997858;ENTRADA;Entrada Direta/Rendimento
2019-03-08;ENJ;2459,538;SAÍDA;Levantamento Externo
2019-03-08;BAT;2185,812;SAÍDA;Levantamento Externo
2019-03-09;ETH;0,18;ENTRADA;Entrada Direta/Rendimento
2019-03-09;BTC;0,036;ENTRADA;Entrada Direta/Rendimento
2019-03-09;BAT;838,161;SAÍDA;Levantamento Externo
2019-03-13;BNB;75,0;ENTRADA;Entrada Direta/Rendimento
2019-03-15;XLM;10356,633;SAÍDA;Levantamento Externo
2019-03-18;IOTA;4594,418;ENTRADA;Entrada Direta/Rendimento
2019-03-18;XLM;4218,2775;SAÍDA;Levantamento Externo
2019-03-18;ADA;17701,800001;SAÍDA;Levantamento Externo
2019-03-19;BTC;0,26483717;ENTRADA;Entrada Direta/Rendimento
2019-03-19;ADA;20366,613;SAÍDA;Levantamento Externo
2019-03-23;BNB;198,0;ENTRADA;Entrada Direta/Rendimento
2019-03-23;ETH;8,064894;SAÍDA;Levantamento Externo
2019-03-23;EOS;102,0;SAÍDA;Levantamento Externo
2019-03-24;OMG;216,17;SAÍDA;Levantamento Externo
2019-03-25;IOTA;2748,9663;SAÍDA;Levantamento Externo
2019-03-26;LTC;8,14701132;ENTRADA;Entrada Direta/Rendimento
2019-03-27;NEO;53,0;SAÍDA;Levantamento Externo
2019-03-28;ENJ;2200,0;ENTRADA;Entrada Direta/Rendimento
2019-03-29;BAT;1143,6203;SAÍDA;Levantamento Externo
2019-03-29;BTC;0,25685733;ENTRADA;Entrada Direta/Rendimento
2019-03-29;NEO;2,0;SAÍDA;Levantamento Externo
2019-03-30;ENJ;2013,37545372;ENTRADA;Entrada Direta/Rendimento
2019-03-30;EOS;167,6521;SAÍDA;Levantamento Externo
2019-04-01;BTC;0,05147727;ENTRADA;Entrada Direta/Rendimento
2019-04-02;BAT;1972,7813;ENTRADA;Entrada Direta/Rendimento
2019-04-03;BTC;0,09485711;ENTRADA;Entrada Direta/Rendimento
2019-04-03;BNB;150,0;ENTRADA;Entrada Direta/Rendimento
2019-04-03;EOS;92,01;SAÍDA;Levantamento Externo
2019-04-03;ETH;2,8475;SAÍDA;Levantamento Externo
2019-04-03;BNB;100,35923967;ENTRADA;Entrada Direta/Rendimento
2019-04-04;BTC;0,74220122;SAÍDA;Levantamento Externo
2019-04-04;ADA;22896,1327;SAÍDA;Levantamento Externo
2019-04-10;BTC;0,09677651;ENTRADA;Entrada Direta/Rendimento
2019-04-10;BTC;0,24988889;ENTRADA;Entrada Direta/Rendimento
2019-04-14;ETH;6,001;ENTRADA;Entrada Direta/Rendimento
2019-04-18;BAT;961,038;SAÍDA;Levantamento Externo
2019-04-18;ADA;24599,51;SAÍDA;Levantamento Externo
2019-04-19;EOS;110,0;ENTRADA;Entrada Direta/Rendimento
2019-04-19;OMG;215,7;ENTRADA;Entrada Direta/Rendimento
2019-04-20;NEO;55,0;ENTRADA;Entrada Direta/Rendimento
2019-04-20;EOS;100,0;ENTRADA;Entrada Direta/Rendimento
2019-04-20;BAT;3093,873;SAÍDA;Levantamento Externo
2019-04-26;BTC;0,11211175;ENTRADA;Entrada Direta/Rendimento
2019-04-26;POLY;6831,0;SAÍDA;Levantamento Externo
2019-05-01;BTC;0,07256594;ENTRADA;Entrada Direta/Rendimento
2019-05-01;IOTA;2260,0;SAÍDA;Levantamento Externo
2019-05-01;XRP;1429,5;SAÍDA;Levantamento Externo
2019-05-01;ETH;3,0;ENTRADA;Entrada Direta/Rendimento
2019-05-01;BAT;2010,0;ENTRADA;Entrada Direta/Rendimento
2019-05-01;XRP;793,0;SAÍDA;Levantamento Externo
2019-05-01;POLY;2291,0;SAÍDA;Levantamento Externo
2019-05-03;POLY;4059,0;ENTRADA;Entrada Direta/Rendimento
2019-05-03;VET;24137,9;SAÍDA;Levantamento Externo
2019-05-06;EOS;151,3624;ENTRADA;Entrada Direta/Rendimento
2019-05-15;BTC;0,17130544;ENTRADA;Entrada Direta/Rendimento
2019-05-15;XRP;3488,4;SAÍDA;Levantamento Externo
2019-05-15;ADA;18000,0;ENTRADA;Entrada Direta/Rendimento
2019-05-15;XRP;1217,2;SAÍDA;Levantamento Externo
2019-05-16;ETH;3,0;SAÍDA;Levantamento Externo
2019-05-16;EOS;244,7988;SAÍDA;Levantamento Externo
2019-05-16;ADA;7000,0;ENTRADA;Entrada Direta/Rendimento
2019-05-16;EOS;97,4447;SAÍDA;Levantamento Externo
2019-05-21;ETH;5,0;ENTRADA;Entrada Direta/Rendimento
2019-05-22;XRP;3224,0;SAÍDA;Levantamento Externo
2019-05-24;BTC;0,15288026;ENTRADA;Entrada Direta/Rendimento
2019-05-25;ADA;25000,0;ENTRADA;Entrada Direta/Rendimento
2019-05-25;BNB;100,505;SAÍDA;Levantamento Externo
2019-05-27;XLM;10574,89048;ENTRADA;Entrada Direta/Rendimento
2019-05-28;IOTA;2500,0;SAÍDA;Levantamento Externo
2019-05-29;XRP;999,27778;ENTRADA;Entrada Direta/Rendimento
2019-05-29;XRP;1838,07778;SAÍDA;Levantamento Externo
2019-05-31;ETH;5,0;ENTRADA;Entrada Direta/Rendimento
2019-06-01;EOS;342,0436;ENTRADA;Entrada Direta/Rendimento
2019-06-02;EOS;30,1;SAÍDA;Levantamento Externo
2019-06-03;XRP;2271,0;SAÍDA;Levantamento Externo
2019-06-05;ETH;1,70910756;ENTRADA;Entrada Direta/Rendimento
2019-06-05;ADA;12462,7868;SAÍDA;Levantamento Externo
2019-06-05;ETH;10,83071665;SAÍDA;Levantamento Externo
2019-06-21;ETH;2,24408264;ENTRADA;Entrada Direta/Rendimento
2019-06-27;BTC;0,02132719;ENTRADA;Entrada Direta/Rendimento
2019-06-27;LINK;108,0;SAÍDA;Levantamento Externo
2019-06-28;BTC;0,04317662;ENTRADA;Entrada Direta/Rendimento
2019-06-28;XRP;1000,0;ENTRADA;Entrada Direta/Rendimento
2019-06-28;LINK;98,0;SAÍDA;Levantamento Externo
2019-06-28;ADA;12461,3987;ENTRADA;Entrada Direta/Rendimento
2019-06-28;VET;35110,0;SAÍDA;Levantamento Externo
2019-06-28;ETH;7,09923634;SAÍDA;Levantamento Externo
2019-07-02;XRP;3100,0;ENTRADA;Entrada Direta/Rendimento
2019-07-03;BTC;0,06711642;ENTRADA;Entrada Direta/Rendimento
2019-07-09;XRP;2000,0;ENTRADA;Entrada Direta/Rendimento
2019-07-09;LINK;402,173701;ENTRADA;Entrada Direta/Rendimento
2019-07-09;BTC;0,04208573;ENTRADA;Entrada Direta/Rendimento
2019-07-10;BTC;0,02987306;ENTRADA;Entrada Direta/Rendimento
2019-07-10;IOTA;3750,0;ENTRADA;Entrada Direta/Rendimento
2019-07-10;XRP;2500,0;ENTRADA;Entrada Direta/Rendimento
2019-07-12;ADA;25002,0;SAÍDA;Levantamento Externo
2019-07-13;BNB;8,0;SAÍDA;Levantamento Externo
2019-07-13;BTC;0,045;SAÍDA;Levantamento Externo
2019-07-13;POLY;5025,0;SAÍDA;Levantamento Externo
2019-07-13;LINK;500,6;SAÍDA;Levantamento Externo
2019-07-18;BTC;0,03511624;ENTRADA;Entrada Direta/Rendimento
2019-07-19;XRP;7507,026942;ENTRADA;Entrada Direta/Rendimento
2019-07-22;BNB;50,4;ENTRADA;Entrada Direta/Rendimento
2019-07-22;XRP;5001,426942;SAÍDA;Levantamento Externo
2019-07-24;BNB;50,099;ENTRADA;Entrada Direta/Rendimento
2019-07-24;ENJ;3567,429;SAÍDA;Levantamento Externo
2019-07-26;BAT;1225,4;SAÍDA;Levantamento Externo
2019-07-26;ADA;17097,0;SAÍDA;Levantamento Externo
2019-07-28;BTC;0,07919766;ENTRADA;Entrada Direta/Rendimento
2019-08-04;BTC;0,046;SAÍDA;Levantamento Externo
2019-08-04;XRP;1900,0;ENTRADA;Entrada Direta/Rendimento
2019-08-04;ZRX;1410,2;SAÍDA;Levantamento Externo
2019-08-09;LINK;504,537;SAÍDA;Levantamento Externo
2019-09-20;ENJ;3552,429;ENTRADA;Entrada Direta/Rendimento
2019-09-20;VET;59047,9;ENTRADA;Entrada Direta/Rendimento
2019-10-04;LINK;273,863;SAÍDA;Levantamento Externo
2019-10-06;XRP;5025,21;SAÍDA;Levantamento Externo
2019-10-08;ADA;23000,0;SAÍDA;Levantamento Externo
2019-10-08;BAT;3258,311;ENTRADA;Entrada Direta/Rendimento
2019-11-02;ETH;11,08;ENTRADA;Entrada Direta/Rendimento
2019-11-05;ADA;1004,0;SAÍDA;Levantamento Externo
2019-11-14;ADA;49741,2;SAÍDA;Levantamento Externo
2019-11-16;XRP;2570,406666;ENTRADA;Entrada Direta/Rendimento
2019-11-18;BTC;0,05069294;ENTRADA;Entrada Direta/Rendimento
2019-11-18;IOTA;3757,4663;ENTRADA;Entrada Direta/Rendimento
2019-11-18;ETH;6,0;ENTRADA;Entrada Direta/Rendimento
2019-11-25;RLC;502,5;SAÍDA;Levantamento Externo
2019-11-25;BAT;1024,09;SAÍDA;Levantamento Externo
2019-12-01;ADA;1539,572;SAÍDA;Levantamento Externo
2019-12-05;BAT;1556,424;SAÍDA;Levantamento Externo
2019-12-10;RLC;501,6;SAÍDA;Levantamento Externo
2019-12-14;XRP;2700,0;ENTRADA;Entrada Direta/Rendimento
2019-12-14;VET;100952,946;SAÍDA;Levantamento Externo
2019-12-31;IOTA;2162,847;SAÍDA;Levantamento Externo
2020-01-07;BNB;47,80177764;ENTRADA;Entrada Direta/Rendimento
2020-01-07;ETH;0,19104263;ENTRADA;Entrada Direta/Rendimento
2020-01-07;BNB;1,001;SAÍDA;Levantamento Externo
2020-01-07;BNB;49,04314013;SAÍDA;Levantamento Externo
2020-01-15;BTC;0,02858278;ENTRADA;Entrada Direta/Rendimento
2020-01-15;ALGO;1103,895;SAÍDA;Levantamento Externo
2020-01-18;ADA;5490,0;ENTRADA;Entrada Direta/Rendimento
2020-01-29;XRP;2344,193753;ENTRADA;Entrada Direta/Rendimento
2020-01-29;ETH;2,06100847;ENTRADA;Entrada Direta/Rendimento
2020-01-29;BTC;0,15;ENTRADA;Entrada Direta/Rendimento
2020-01-29;BTC;0,5;ENTRADA;Entrada Direta/Rendimento
2020-01-29;ADA;100000,0;SAÍDA;Levantamento Externo
2020-02-01;BTC;0,3548526;ENTRADA;Entrada Direta/Rendimento
2020-02-01;ALGO;911,0;SAÍDA;Levantamento Externo
2020-02-01;XRP;5001,192753;SAÍDA;Levantamento Externo
2020-02-01;ETH;11,61968525;SAÍDA;Levantamento Externo
2020-02-01;RLC;500,0;ENTRADA;Entrada Direta/Rendimento
2020-02-02;POLY;5000,0;ENTRADA;Entrada Direta/Rendimento
2020-02-02;VET;850,0;ENTRADA;Entrada Direta/Rendimento
2020-02-02;VET;100002,946;ENTRADA;Entrada Direta/Rendimento
2020-02-02;BAT;1551,614;ENTRADA;Entrada Direta/Rendimento
2020-02-02;ALGO;2022,724543;ENTRADA;Entrada Direta/Rendimento
2020-03-03;ALGO;2729,0;SAÍDA;Levantamento Externo
2020-03-13;ADA;88475,545;SAÍDA;Levantamento Externo
2020-04-13;IOTA;2162,347;ENTRADA;Entrada Direta/Rendimento
2020-04-13;RLC;501,25;ENTRADA;Entrada Direta/Rendimento
2020-04-14;LINK;46,0;SAÍDA;Levantamento Externo
2020-04-25;STX;960,069446;ENTRADA;Entrada Direta/Rendimento
2020-04-29;ETH;0,504;SAÍDA;Levantamento Externo
2020-05-22;BTC;0,09474552;ENTRADA;Entrada Direta/Rendimento
2020-05-31;ALGO;2770,332776;ENTRADA;Entrada Direta/Rendimento
2020-05-31;LINK;514,12961;ENTRADA;Entrada Direta/Rendimento
2020-06-01;XRP;2500,899976;ENTRADA;Entrada Direta/Rendimento
2020-06-01;XRP;4980,943473;ENTRADA;Entrada Direta/Rendimento
2020-06-05;XRP;2507,750792;ENTRADA;Entrada Direta/Rendimento
2020-06-23;ETH;2,00569548;SAÍDA;Levantamento Externo
2020-06-27;BTC;0,10173726;ENTRADA;Entrada Direta/Rendimento
2020-06-27;ETH;3,45;ENTRADA;Entrada Direta/Rendimento
2020-06-29;BTC;0,10010799;ENTRADA;Entrada Direta/Rendimento
2020-06-30;ETH;11,61523625;ENTRADA;Entrada Direta/Rendimento
2020-07-04;COMP;1,16799796;ENTRADA;Entrada Direta/Rendimento
2020-07-04;ETH;5,17635602;ENTRADA;Entrada Direta/Rendimento
2020-07-04;ADA;10,971334;SAÍDA;Levantamento Externo
2020-07-04;ADA;49971,0;SAÍDA;Levantamento Externo
2020-07-09;ETH;2,0031446;ENTRADA;Entrada Direta/Rendimento
2020-07-09;BTC;0,06640882;ENTRADA;Entrada Direta/Rendimento
2020-07-09;ETH;1,99887281;ENTRADA;Entrada Direta/Rendimento
2020-07-09;BTC;0,0528261;ENTRADA;Entrada Direta/Rendimento
2020-07-11;BTC;0,12;ENTRADA;Entrada Direta/Rendimento
2020-07-11;ETH;2,36;ENTRADA;Entrada Direta/Rendimento
2020-07-12;ADA;36146,631666;SAÍDA;Levantamento Externo
2020-07-13;XRP;4980,0;ENTRADA;Entrada Direta/Rendimento
2020-07-13;ETH;1,1756781;SAÍDA;Levantamento Externo
2020-07-13;BTC;0,19;ENTRADA;Entrada Direta/Rendimento
2020-07-14;BTC;0,12109188;ENTRADA;Entrada Direta/Rendimento
2020-07-15;ADA;100001,0;SAÍDA;Levantamento Externo
2020-07-17;VET;800,0;SAÍDA;Levantamento Externo
2020-07-17;VET;50152,402;SAÍDA;Levantamento Externo
2020-07-31;BTC;0,1010005;SAÍDA;Levantamento Externo
2020-08-12;BTC;0,05795798;SAÍDA;Levantamento Externo
2020-08-15;BTC;0,115248;SAÍDA;Levantamento Externo
2020-08-18;BTC;0,17864478;ENTRADA;Entrada Direta/Rendimento
2020-08-19;LEND;1018,98;SAÍDA;Levantamento Externo
2020-08-28;ADA;5,0;ENTRADA;Entrada Direta/Rendimento
2020-08-28;ADA;5595,0;ENTRADA;Entrada Direta/Rendimento
2020-09-04;ADA;174,0;ENTRADA;Entrada Direta/Rendimento
2020-09-04;ADA;39000,0;ENTRADA;Entrada Direta/Rendimento
2020-09-16;ADA;25039,959482;ENTRADA;Entrada Direta/Rendimento
2020-09-18;UNI;220,0;ENTRADA;Entrada Direta/Rendimento
2020-09-26;BTC;0,2544;SAÍDA;Levantamento Externo
2020-09-30;BTC;0,25443721;SAÍDA;Levantamento Externo
2020-11-03;DOT;3,1;SAÍDA;Levantamento Externo
2020-11-03;DOT;200,705;SAÍDA;Levantamento Externo
2020-11-11;SNX;104,91466;SAÍDA;Levantamento Externo
2020-11-14;AAVE;10,1898;SAÍDA;Levantamento Externo
2020-11-15;LEND;1045,37968652;ENTRADA;Entrada Direta/Rendimento
2020-11-15;AAVE;10,45379686;SAÍDA;Levantamento Externo
2020-12-11;XRP;5000,000639;ENTRADA;Entrada Direta/Rendimento
2020-12-14;XRP;5000,000639;SAÍDA;Levantamento Externo
2020-12-23;XRP;4999,750627;ENTRADA;Entrada Direta/Rendimento
2020-12-23;XRP;2086,541524;ENTRADA;Entrada Direta/Rendimento
2021-01-20;ADA;200,0;ENTRADA;Entrada Direta/Rendimento
2021-01-21;EUR;59,56;SAÍDA;Levantamento Externo
2021-01-24;XRP;1000,0;ENTRADA;Entrada Direta/Rendimento
2021-01-24;XRP;3003,75;ENTRADA;Entrada Direta/Rendimento
2021-01-24;XRP;1000,0;ENTRADA;Entrada Direta/Rendimento
2021-02-02;STX;1234,374822;ENTRADA;Entrada Direta/Rendimento
2021-02-06;ETH;6,0;ENTRADA;Entrada Direta/Rendimento
2021-02-14;ADA;48,788151;ENTRADA;Entrada Direta/Rendimento
2021-02-15;EUR;35,28;SAÍDA;Levantamento Externo
2021-02-16;XLM;2718,0;SAÍDA;Levantamento Externo
2021-02-18;ADA;10,0;ENTRADA;Entrada Direta/Rendimento
2021-02-18;ADA;48000,0;ENTRADA;Entrada Direta/Rendimento
2021-02-20;BTC;0,25158378;ENTRADA;Entrada Direta/Rendimento
2021-03-08;EUR;400,8;SAÍDA;Levantamento Externo
2021-03-10;EUR;1800,0;SAÍDA;Levantamento Externo
2021-03-17;EUR;1500,0;SAÍDA;Levantamento Externo
2021-03-22;EUR;2000,8;SAÍDA;Levantamento Externo
2021-04-01;ADA;1,0;ENTRADA;Entrada Direta/Rendimento
2021-04-04;XRP;3000,25;SAÍDA;Levantamento Externo
2021-04-08;ADA;1007,9905;ENTRADA;Entrada Direta/Rendimento
2021-04-08;BTC;0,18192083;ENTRADA;Entrada Direta/Rendimento
2021-04-14;USDC;10015,0;SAÍDA;Levantamento Externo
2021-04-14;USDC;10015,0;SAÍDA;Levantamento Externo
2021-04-15;EGLD;0,95;SAÍDA;Levantamento Externo
2021-04-15;EGLD;35,008;SAÍDA;Levantamento Externo
2021-04-19;VET;10,0;ENTRADA;Entrada Direta/Rendimento
2021-04-19;VET;50742,402;ENTRADA;Entrada Direta/Rendimento
2021-04-19;ADA;2750,0;ENTRADA;Entrada Direta/Rendimento
2021-04-22;EUR;6763,77;SAÍDA;Levantamento Externo
2021-04-22;ETH;5,005;SAÍDA;Levantamento Externo
2021-04-22;BNB;0,15;ENTRADA;Entrada Direta/Rendimento
2021-04-22;BNB;49,89212452;ENTRADA;Entrada Direta/Rendimento
2021-05-06;ADA;1566,0;ENTRADA;Entrada Direta/Rendimento
2021-05-07;LINK;250,0;ENTRADA;Entrada Direta/Rendimento
2021-05-09;ADA;10000,0;ENTRADA;Entrada Direta/Rendimento
2021-05-09;ADA;10000,0;ENTRADA;Entrada Direta/Rendimento
2021-05-10;EUR;3824,43;SAÍDA;Levantamento Externo
2021-05-10;EUR;6285,0;SAÍDA;Levantamento Externo
2021-05-15;LUNA;5,02;SAÍDA;Levantamento Externo
2021-05-15;LUNA;166,593;SAÍDA;Levantamento Externo
2021-05-15;USDC;1851,0;SAÍDA;Levantamento Externo
2021-05-16;LUNA;233,4;SAÍDA;Levantamento Externo
2021-05-16;LUNA;497,2;SAÍDA;Levantamento Externo
2021-05-17;EUR;2018,41;SAÍDA;Levantamento Externo
2021-05-18;SOL;0,027;SAÍDA;Levantamento Externo
2021-05-18;SOL;2,52;SAÍDA;Levantamento Externo
2021-05-18;SOL;0,0129;ENTRADA;Entrada Direta/Rendimento
2021-05-23;LINK;250,0;ENTRADA;Entrada Direta/Rendimento
2021-05-23;ETH;5,0;ENTRADA;Entrada Direta/Rendimento
2021-05-23;ADA;30246,0;ENTRADA;Entrada Direta/Rendimento
2021-05-24;ADA;50603,0;ENTRADA;Entrada Direta/Rendimento
2021-05-28;THETA;1,3;SAÍDA;Levantamento Externo
2021-05-28;THETA;999,7;SAÍDA;Levantamento Externo
2021-05-28;ADA;51060,0;ENTRADA;Entrada Direta/Rendimento
2021-05-28;USDT;100,0;SAÍDA;Levantamento Externo
2021-05-28;USDT;30258,090147;SAÍDA;Levantamento Externo
2021-05-28;USDC;30027,0;SAÍDA;Levantamento Externo
2021-06-04;USDT;17496,955658;SAÍDA;Levantamento Externo
2021-06-05;ETH;4,0;ENTRADA;Entrada Direta/Rendimento
2021-06-06;SOL;248,013;SAÍDA;Levantamento Externo
2021-06-06;ALGO;5093,6279;SAÍDA;Levantamento Externo
2021-06-06;SOL;152,846001;SAÍDA;Levantamento Externo
2021-06-07;LUNA;374,601;SAÍDA;Levantamento Externo
2021-06-08;SOL;100,0;SAÍDA;Levantamento Externo
2021-06-09;SOL;207,075538;SAÍDA;Levantamento Externo
2021-06-10;LUNA;229,514;SAÍDA;Levantamento Externo
2021-06-11;ALGO;3446,24;SAÍDA;Levantamento Externo
2021-06-12;ADA;10002,35157;SAÍDA;Levantamento Externo
2021-06-13;SOL;100,0;SAÍDA;Levantamento Externo
2021-06-13;ALGO;1217,0;SAÍDA;Levantamento Externo
2021-06-13;ADA;10000,0;SAÍDA;Levantamento Externo
2021-06-14;SOL;93,422;SAÍDA;Levantamento Externo
2021-06-14;ADA;20000,0;SAÍDA;Levantamento Externo
2021-06-25;ADA;6844,6;SAÍDA;Levantamento Externo
2021-07-01;SOL;56,237;SAÍDA;Levantamento Externo
2021-07-02;ALGO;220,0;SAÍDA;Levantamento Externo
2021-07-02;SOL;49,015;SAÍDA;Levantamento Externo
2021-07-05;USDT;1200,0;SAÍDA;Levantamento Externo
2021-07-07;USDT;724,71;SAÍDA;Levantamento Externo
2021-07-07;XRP;1935,54;SAÍDA;Levantamento Externo
2021-07-07;VTHO;4806,53715309;ENTRADA;Entrada Direta/Rendimento
2021-07-07;XRP;47,65;SAÍDA;Levantamento Externo
2021-07-15;XRP;5000,0;SAÍDA;Levantamento Externo
2021-07-15;XLM;7010,0;SAÍDA;Levantamento Externo
2021-07-15;ETH;1,0083;SAÍDA;Levantamento Externo
2021-07-15;BTC;0,153;SAÍDA;Levantamento Externo
2021-07-16;CHZ;5850,08;SAÍDA;Levantamento Externo
2021-07-16;ENJ;1139,477;SAÍDA;Levantamento Externo
2021-07-16;ADA;2000,27;SAÍDA;Levantamento Externo
2021-07-16;ETH;0,30377;SAÍDA;Levantamento Externo
2021-07-30;USDC;5000,0;ENTRADA;Entrada Direta/Rendimento
2021-07-30;ETH;0,8;SAÍDA;Levantamento Externo
2021-07-30;XRP;4328,93;SAÍDA;Levantamento Externo
2021-08-04;USDC;10000,0;ENTRADA;Entrada Direta/Rendimento
2021-08-04;ADA;7345,91;SAÍDA;Levantamento Externo
2021-08-04;USDC;5000,0;ENTRADA;Entrada Direta/Rendimento
2021-08-04;BTC;0,127404;SAÍDA;Levantamento Externo
2021-08-07;CHZ;5796,08;ENTRADA;Entrada Direta/Rendimento
2021-08-07;ENJ;1128,477;ENTRADA;Entrada Direta/Rendimento
2021-08-07;TFUEL;15,0;SAÍDA;Levantamento Externo
2021-08-07;THETA;10,0;ENTRADA;Entrada Direta/Rendimento
2021-08-07;THETA;990,8;ENTRADA;Entrada Direta/Rendimento
2021-08-07;SNX;104,13466;ENTRADA;Entrada Direta/Rendimento
2021-08-07;AAVE;10,39979686;ENTRADA;Entrada Direta/Rendimento
2021-08-07;BTC;0,39959237;SAÍDA;Levantamento Externo
2021-08-14;USDC;10000,0;ENTRADA;Entrada Direta/Rendimento
2021-08-16;ADA;4588,41;SAÍDA;Levantamento Externo
2021-08-16;USDC;10000,0;ENTRADA;Entrada Direta/Rendimento
2021-08-16;XRP;834,79;SAÍDA;Levantamento Externo
2021-08-17;USDT;1150,132328;SAÍDA;Levantamento Externo
2021-08-17;XRP;1000,0;SAÍDA;Levantamento Externo
2021-08-19;USDC;10000,0;ENTRADA;Entrada Direta/Rendimento
2021-08-19;XRP;1800,0;SAÍDA;Levantamento Externo
2021-08-19;USDT;991,050885;SAÍDA;Levantamento Externo
2021-08-20;ADA;5493,28;SAÍDA;Levantamento Externo
2021-08-27;USDC;1881,5;SAÍDA;Levantamento Externo
2021-08-28;ADA;7482,5;ENTRADA;Entrada Direta/Rendimento
2021-08-28;USDC;20015,6116;SAÍDA;Levantamento Externo
2021-09-06;ADA;10010,0;ENTRADA;Entrada Direta/Rendimento
2021-09-06;USDC;20027,367938;SAÍDA;Levantamento Externo
2021-09-06;USDT;4237,3407;SAÍDA;Levantamento Externo
2021-09-09;ADA;4000,0;ENTRADA;Entrada Direta/Rendimento
2021-09-09;USDC;5080,0;SAÍDA;Levantamento Externo
2021-09-10;ADA;14888,0;ENTRADA;Entrada Direta/Rendimento
2021-09-10;EGLD;0,5;ENTRADA;Entrada Direta/Rendimento
2021-09-10;EGLD;36,43490175;ENTRADA;Entrada Direta/Rendimento
2021-09-12;USDT;4830,230375;SAÍDA;Levantamento Externo
2021-09-12;ADA;10000,0;ENTRADA;Entrada Direta/Rendimento
2021-09-14;XRP;11110,748;SAÍDA;Levantamento Externo
2021-09-18;USDC;1250,0;ENTRADA;Entrada Direta/Rendimento
2021-09-18;USDC;1225,0;SAÍDA;Levantamento Externo
2021-10-02;ADA;15000,0;ENTRADA;Entrada Direta/Rendimento
2021-10-05;USDC;38762,979538;ENTRADA;Entrada Direta/Rendimento
2021-10-05;USDC;16925,0;SAÍDA;Levantamento Externo
2021-10-05;BTC;0,224;SAÍDA;Levantamento Externo
2021-10-06;USDT;9210,320614;SAÍDA;Levantamento Externo
2021-10-06;BTC;0,001;SAÍDA;Levantamento Externo
2021-10-06;BTC;0,145;SAÍDA;Levantamento Externo
2021-10-06;BTC;0,11410328;SAÍDA;Levantamento Externo
2021-10-10;ADA;10000,0;ENTRADA;Entrada Direta/Rendimento
2021-10-11;LUNA;5,02;SAÍDA;Levantamento Externo
2021-10-11;LUNA;468,5;SAÍDA;Levantamento Externo
2021-10-13;STX;1097,222039;ENTRADA;Entrada Direta/Rendimento
2021-10-14;USDC;37,3;ENTRADA;Entrada Direta/Rendimento
2021-10-15;ADA;10000,0;ENTRADA;Entrada Direta/Rendimento
2021-10-15;LUNA;347,76814;SAÍDA;Levantamento Externo
2021-10-15;XRP;7000,5;SAÍDA;Levantamento Externo
2021-10-16;ADA;6712,0;ENTRADA;Entrada Direta/Rendimento
2021-10-16;SOL;92,01;SAÍDA;Levantamento Externo
2021-10-18;ADA;20000,0;ENTRADA;Entrada Direta/Rendimento
2021-10-19;ADA;4989,0;ENTRADA;Entrada Direta/Rendimento
2021-10-19;ADA;50000,0;ENTRADA;Entrada Direta/Rendimento
2021-10-19;BTC;0,108;SAÍDA;Levantamento Externo
2021-10-19;BTC;0,391;SAÍDA;Levantamento Externo
2021-10-21;USDT;2027,3295;SAÍDA;Levantamento Externo
2021-10-21;USDC;8025,0;SAÍDA;Levantamento Externo
2021-10-21;LUNA;151,0;SAÍDA;Levantamento Externo
2021-10-21;USDT;4051,6838;SAÍDA;Levantamento Externo
2021-10-23;ETH;1,7956924;SAÍDA;Levantamento Externo
2021-10-23;BTC;0,11828815;SAÍDA;Levantamento Externo
2021-10-24;USDT;10737,4176;SAÍDA;Levantamento Externo
2021-10-24;ADA;3335,0;SAÍDA;Levantamento Externo
2021-10-25;USDT;18687,0194;SAÍDA;Levantamento Externo
2021-10-27;USDT;19,2;ENTRADA;Entrada Direta/Rendimento
2021-10-27;USDT;81,2;ENTRADA;Entrada Direta/Rendimento
2021-10-28;USDT;5000,6646;SAÍDA;Levantamento Externo
2021-10-29;ADA;20000,0;ENTRADA;Entrada Direta/Rendimento
2021-10-29;ADA;20000,0;ENTRADA;Entrada Direta/Rendimento
2021-10-29;ALGO;9883,0;SAÍDA;Levantamento Externo
2021-10-29;USDC;20020,0;SAÍDA;Levantamento Externo
2021-10-31;ADA;5001,0;SAÍDA;Levantamento Externo
2021-10-31;ADA;14999,0;SAÍDA;Levantamento Externo
2021-11-03;USDC;15025,006966;SAÍDA;Levantamento Externo
2021-11-04;ADA;25010,0;ENTRADA;Entrada Direta/Rendimento
2021-11-04;DOT;1,5;SAÍDA;Levantamento Externo
2021-11-04;DOT;298,9;SAÍDA;Levantamento Externo
2021-11-06;SOL;110,0;ENTRADA;Entrada Direta/Rendimento
2021-11-08;BUSD;149,85;ENTRADA;Entrada Direta/Rendimento
2021-11-08;USDT;10184,905;SAÍDA;Levantamento Externo
2021-11-09;BNB;1,1005;SAÍDA;Levantamento Externo
2021-11-09;BNB;1,09934347;ENTRADA;Entrada Direta/Rendimento
2021-11-09;BNB;2,0;SAÍDA;Levantamento Externo
2021-11-09;USDC;7800,0;SAÍDA;Levantamento Externo
2021-11-10;SOL;42,5;ENTRADA;Entrada Direta/Rendimento
2021-11-19;SOL;67,55;ENTRADA;Entrada Direta/Rendimento
2021-11-19;EGLD;0,03;SAÍDA;Levantamento Externo
2021-11-19;SOL;10,16;SAÍDA;Levantamento Externo
2021-11-20;BNB;0,9995;SAÍDA;Levantamento Externo
2021-11-20;BNB;18,0005;SAÍDA;Levantamento Externo
2021-11-20;BUSD;10,0;SAÍDA;Levantamento Externo
2021-11-20;BUSD;993,0;SAÍDA;Levantamento Externo
2021-11-20;BUSD;30,0;SAÍDA;Levantamento Externo
2021-11-21;BUSD;3850,0;SAÍDA;Levantamento Externo
2021-11-21;BUSD;5600,0;SAÍDA;Levantamento Externo
2021-11-23;LUNA;91,53;SAÍDA;Levantamento Externo
2021-11-25;BNB;1,39;SAÍDA;Levantamento Externo
2021-11-25;ADA;10010,0;SAÍDA;Levantamento Externo
2021-11-25;BNB;3,0;SAÍDA;Levantamento Externo
2021-11-26;BUSD;1000,0;SAÍDA;Levantamento Externo
2021-11-26;BUSD;14000,0;SAÍDA;Levantamento Externo
2021-11-26;SOL;0,3;SAÍDA;Levantamento Externo
2021-11-26;USDT;10016,9832;SAÍDA;Levantamento Externo
2021-11-27;ADA;10000,0;ENTRADA;Entrada Direta/Rendimento
2021-11-27;BNB;3,0;SAÍDA;Levantamento Externo
2021-11-29;LUNA;2,02;SAÍDA;Levantamento Externo
2021-11-29;SOL;2,01;SAÍDA;Levantamento Externo
2021-11-29;BNB;26,45;SAÍDA;Levantamento Externo
2021-11-30;ADA;30000,0;ENTRADA;Entrada Direta/Rendimento
2021-11-30;ADA;20000,0;ENTRADA;Entrada Direta/Rendimento
2021-11-30;BUSD;3000,0;SAÍDA;Levantamento Externo
2021-11-30;USDT;17371,7047;SAÍDA;Levantamento Externo
2021-11-30;USDT;12845,976;SAÍDA;Levantamento Externo
2021-12-02;ADA;30414,079582;ENTRADA;Entrada Direta/Rendimento
2021-12-02;SOL;41,02;SAÍDA;Levantamento Externo
2021-12-02;SOL;39,0;SAÍDA;Levantamento Externo
2021-12-02;BUSD;2000,0;SAÍDA;Levantamento Externo
2021-12-03;SOL;2,9;SAÍDA;Levantamento Externo
2021-12-03;ADA;10001,0;SAÍDA;Levantamento Externo
2021-12-03;USDT;2472,681657;SAÍDA;Levantamento Externo
2021-12-05;ALGO;5001,0;SAÍDA;Levantamento Externo
2021-12-05;ALGO;5008,0;SAÍDA;Levantamento Externo
2021-12-17;USDT;3582,129588;SAÍDA;Levantamento Externo
2021-12-20;USDT;37240,0;SAÍDA;Levantamento Externo
2021-12-21;USDT;7052,5006;SAÍDA;Levantamento Externo
2021-12-22;SOL;10,05;SAÍDA;Levantamento Externo
2022-01-07;BUSD;64,0;ENTRADA;Entrada Direta/Rendimento
2022-01-07;BUSD;4102,94026969;ENTRADA;Entrada Direta/Rendimento
2022-01-07;UST;5597,0;SAÍDA;Levantamento Externo
2022-01-07;BUSD;955,0;ENTRADA;Entrada Direta/Rendimento
2022-01-07;BUSD;7000,32496175;ENTRADA;Entrada Direta/Rendimento
2022-01-07;UST;4120,0;SAÍDA;Levantamento Externo
2022-01-07;UST;10001,367681;SAÍDA;Levantamento Externo
2022-01-08;SOL;0,49;SAÍDA;Levantamento Externo
2022-01-09;UST;12854,2312;SAÍDA;Levantamento Externo
2022-01-09;USDC;14118,0;SAÍDA;Levantamento Externo
2022-01-10;SOL;102,0;ENTRADA;Entrada Direta/Rendimento
2022-01-11;SOL;3,3;ENTRADA;Entrada Direta/Rendimento
2022-01-12;SOL;200,0;ENTRADA;Entrada Direta/Rendimento
2022-01-12;USDC;13078,9958;SAÍDA;Levantamento Externo
2022-01-12;ADA;5000,0;ENTRADA;Entrada Direta/Rendimento
2022-01-12;USDT;14716,071;SAÍDA;Levantamento Externo
2022-01-17;BUSD;1681,0;ENTRADA;Entrada Direta/Rendimento
2022-01-17;BUSD;15000,37748444;ENTRADA;Entrada Direta/Rendimento
2022-01-17;USDC;14850,0;SAÍDA;Levantamento Externo
2022-01-18;UST;193,307907;ENTRADA;Entrada Direta/Rendimento
2022-01-18;UST;1946,305897;ENTRADA;Entrada Direta/Rendimento
2022-01-19;USDC;11885,0;SAÍDA;Levantamento Externo
2022-01-21;SOL;160,43515638;ENTRADA;Entrada Direta/Rendimento
2022-01-21;BNB;18,8;ENTRADA;Entrada Direta/Rendimento
2022-01-21;UST;4169,0;SAÍDA;Levantamento Externo
2022-01-21;UST;20000,0;SAÍDA;Levantamento Externo
2022-01-24;SOL;0,5;SAÍDA;Levantamento Externo
2022-01-24;UST;17019,0;SAÍDA;Levantamento Externo
2022-01-24;UST;23259,0;SAÍDA;Levantamento Externo
2022-01-26;SOL;0,60310617;ENTRADA;Entrada Direta/Rendimento
2022-01-26;SOL;41,87572433;ENTRADA;Entrada Direta/Rendimento
2022-01-26;USDT;4195,5673;SAÍDA;Levantamento Externo
2022-01-28;UST;25500,0;ENTRADA;Entrada Direta/Rendimento
2022-01-28;USDT;25247,791;SAÍDA;Levantamento Externo
2022-01-28;UST;10040,0;ENTRADA;Entrada Direta/Rendimento
2022-01-31;LUNA;3,53062;ENTRADA;Entrada Direta/Rendimento
2022-01-31;UST;16,834708;ENTRADA;Entrada Direta/Rendimento
2022-02-01;UST;330,0;ENTRADA;Entrada Direta/Rendimento
2022-02-01;LUNA;3,981212;ENTRADA;Entrada Direta/Rendimento
2022-02-01;ADA;10000,0;ENTRADA;Entrada Direta/Rendimento
2022-02-02;BTC;0,0244253;SAÍDA;Levantamento Externo
2022-02-04;ADA;450,0;SAÍDA;Levantamento Externo
2022-02-04;ADA;501,0;SAÍDA;Levantamento Externo
2022-02-04;ADA;4248,9;SAÍDA;Levantamento Externo
2022-02-15;SOL;0,11;SAÍDA;Levantamento Externo
2022-02-17;LUNA;100,0;ENTRADA;Entrada Direta/Rendimento
2022-02-17;ADA;5146,4;SAÍDA;Levantamento Externo
2022-02-18;USDT;20100,0;ENTRADA;Entrada Direta/Rendimento
2022-02-18;USDT;6875,6314;SAÍDA;Levantamento Externo
2022-02-18;ADA;4995,2;SAÍDA;Levantamento Externo
2022-02-18;ALGO;10008,0;SAÍDA;Levantamento Externo
2022-02-23;ADA;1665,0;ENTRADA;Entrada Direta/Rendimento
2022-02-23;SOL;17,42;SAÍDA;Levantamento Externo
2022-03-08;USDT;30333,575491;ENTRADA;Entrada Direta/Rendimento
2022-03-08;ETH;0,25625;SAÍDA;Levantamento Externo
2022-03-08;USDC;20245,0;SAÍDA;Levantamento Externo
2022-03-08;ETH;2,05305;SAÍDA;Levantamento Externo
2022-03-08;BTC;0,10495;SAÍDA;Levantamento Externo
2022-03-11;ATOM;1,448346;ENTRADA;Entrada Direta/Rendimento
2022-03-13;KDA;10,0;ENTRADA;Entrada Direta/Rendimento
2022-03-13;KDA;4490,00365553;ENTRADA;Entrada Direta/Rendimento
2022-03-17;ALGO;10011,0;SAÍDA;Levantamento Externo
2022-03-20;LUNA;7,19;ENTRADA;Entrada Direta/Rendimento
2022-03-20;LUNA;1,059376;ENTRADA;Entrada Direta/Rendimento
2022-03-20;UST;13,0;ENTRADA;Entrada Direta/Rendimento
2022-03-20;UST;47,0;ENTRADA;Entrada Direta/Rendimento
2022-03-20;ADA;930,0;SAÍDA;Levantamento Externo
2022-03-20;USDC;20210,0;ENTRADA;Entrada Direta/Rendimento
2022-03-20;ADA;2252,0;SAÍDA;Levantamento Externo
2022-03-22;USDC;25055,724472;ENTRADA;Entrada Direta/Rendimento
2022-03-22;ETH;8,021;SAÍDA;Levantamento Externo
2022-03-22;BTC;0,20588;SAÍDA;Levantamento Externo
2022-03-22;KDA;500,0;ENTRADA;Entrada Direta/Rendimento
2022-03-22;LUNA;250,088164;ENTRADA;Entrada Direta/Rendimento
2022-03-24;ADA;9987,0;SAÍDA;Levantamento Externo
2022-03-24;ADA;19608,9;SAÍDA;Levantamento Externo
2022-03-24;UST;30570,0;ENTRADA;Entrada Direta/Rendimento
2022-03-24;ETH;4,9665;SAÍDA;Levantamento Externo
2022-03-26;USDC;1360,265617;ENTRADA;Entrada Direta/Rendimento
2022-03-26;APE;103,659;SAÍDA;Levantamento Externo
2022-03-27;UST;20150,0;ENTRADA;Entrada Direta/Rendimento
2022-03-28;SOL;6,0;ENTRADA;Entrada Direta/Rendimento
2022-03-28;UST;30022,0;ENTRADA;Entrada Direta/Rendimento
2022-03-29;BTC;0,18857;SAÍDA;Levantamento Externo
2022-03-29;BTC;0,17103918;SAÍDA;Levantamento Externo
2022-03-29;APE;340,43;SAÍDA;Levantamento Externo
2022-04-06;ETH;2,527;SAÍDA;Levantamento Externo
2022-04-07;UST;20000,0;ENTRADA;Entrada Direta/Rendimento
2022-04-08;ETH;2,5044;SAÍDA;Levantamento Externo
2022-04-09;UST;30342,0;ENTRADA;Entrada Direta/Rendimento
2022-04-11;ETH;0,3;ENTRADA;Entrada Direta/Rendimento
2022-04-11;SOL;8,66;ENTRADA;Entrada Direta/Rendimento
2022-04-11;ADA;966,0;ENTRADA;Entrada Direta/Rendimento
2022-04-11;USDT;2695,4373;SAÍDA;Levantamento Externo
2022-04-25;KNCL;108,7465311;ENTRADA;Entrada Direta/Rendimento
2022-04-25;KNCL;108,7465311;SAÍDA;Levantamento Externo
2022-04-26;LUNA;250,08183;ENTRADA;Entrada Direta/Rendimento
2022-04-26;APE;62,54;SAÍDA;Levantamento Externo
2022-05-03;UST;953,4264;SAÍDA;Levantamento Externo
2022-05-03;UST;31000,0;SAÍDA;Levantamento Externo
2022-05-09;UST;32030,0;ENTRADA;Entrada Direta/Rendimento
2022-05-09;UST;302,0;ENTRADA;Entrada Direta/Rendimento
2022-05-09;USDT;32008,6498;SAÍDA;Levantamento Externo
2022-05-10;USDT;3933,7378;SAÍDA;Levantamento Externo
2022-05-11;USDT;1558,56878;ENTRADA;Entrada Direta/Rendimento
2022-05-11;LUNA;6,706582;ENTRADA;Entrada Direta/Rendimento
2022-05-12;NEAR;501,1;SAÍDA;Levantamento Externo
2022-05-12;BTC;0,35869456;SAÍDA;Levantamento Externo
2022-05-12;ETH;7,5411403;SAÍDA;Levantamento Externo
2022-05-12;LUNA;58040,0;SAÍDA;Levantamento Externo
2022-05-13;ALGO;10250,36905;ENTRADA;Entrada Direta/Rendimento
2022-05-13;NEAR;501,08769441;ENTRADA;Entrada Direta/Rendimento
2022-05-13;ETH;7,5371043;ENTRADA;Entrada Direta/Rendimento
2022-05-16;USDC;25000,0;ENTRADA;Entrada Direta/Rendimento
2022-05-17;FTT;59,95;ENTRADA;Entrada Direta/Rendimento
2022-05-18;FTT;60,0;ENTRADA;Entrada Direta/Rendimento
2022-05-19;FTT;29,97435184;ENTRADA;Entrada Direta/Rendimento
2022-05-25;ADA;50003,831956;ENTRADA;Entrada Direta/Rendimento
2022-05-27;USDC;19010,0;SAÍDA;Levantamento Externo
2022-05-27;SOL;8,74999;ENTRADA;Entrada Direta/Rendimento
2022-05-27;ADA;699,4288;ENTRADA;Entrada Direta/Rendimento
2022-05-31;LUNA;10,0;ENTRADA;Entrada Direta/Rendimento
2022-05-31;LUNA;300,3;ENTRADA;Entrada Direta/Rendimento
2022-06-01;USDT;666,97431;SAÍDA;Levantamento Externo
2022-06-08;LUNA;31,856358;ENTRADA;Entrada Direta/Rendimento
2022-06-11;USDC;27500,0;ENTRADA;Entrada Direta/Rendimento
2022-06-13;BTC;0,5006552;SAÍDA;Levantamento Externo
2022-06-14;BTC;0,2502;SAÍDA;Levantamento Externo
2022-06-17;ADA;60003,8;SAÍDA;Levantamento Externo
2022-06-17;USDC;25060,0;SAÍDA;Levantamento Externo
2022-06-24;USDC;35098,0;ENTRADA;Entrada Direta/Rendimento
2022-06-27;NEXO;9954,0;ENTRADA;Entrada Direta/Rendimento
2022-06-27;ETH;5,01;SAÍDA;Levantamento Externo
2022-06-28;USDC;160,0;SAÍDA;Levantamento Externo
2022-06-29;BTC;1,0025;SAÍDA;Levantamento Externo
2022-06-30;ALGO;9959,0;SAÍDA;Levantamento Externo
2022-07-01;USDC;25000,0;ENTRADA;Entrada Direta/Rendimento
2022-07-06;BTC;1,00000925;ENTRADA;Entrada Direta/Rendimento
2022-07-12;MATIC;100,1;SAÍDA;Levantamento Externo
2022-07-12;MATIC;13847,1;SAÍDA;Levantamento Externo
2022-07-14;ADA;50000,0;ENTRADA;Entrada Direta/Rendimento
2022-07-14;ETH;10,01;SAÍDA;Levantamento Externo
2022-07-16;QNT;6,048;SAÍDA;Levantamento Externo
2022-07-16;QNT;50,552;SAÍDA;Levantamento Externo
2022-07-19;MATIC;13946,9986875;ENTRADA;Entrada Direta/Rendimento
2022-07-21;QNT;56,504;ENTRADA;Entrada Direta/Rendimento
2022-08-06;BNB;50,0205;SAÍDA;Levantamento Externo
2022-08-06;BUSD;10,0;SAÍDA;Levantamento Externo
2022-08-06;BNB;10,0205;SAÍDA;Levantamento Externo
2022-08-06;BUSD;25202,0;SAÍDA;Levantamento Externo
2022-08-06;NEAR;6,31;SAÍDA;Levantamento Externo
2022-08-06;NEAR;10,01;SAÍDA;Levantamento Externo
2022-08-06;NEAR;6,0;ENTRADA;Entrada Direta/Rendimento
2022-08-06;NEAR;2626,093;SAÍDA;Levantamento Externo
2022-08-07;ADA;10120,0;ENTRADA;Entrada Direta/Rendimento
2022-08-07;BTC;0,12;ENTRADA;Entrada Direta/Rendimento
2022-08-07;NEAR;1439,5;SAÍDA;Levantamento Externo
2022-08-10;BNB;9,82;ENTRADA;Entrada Direta/Rendimento
2022-08-10;USDC;5020,0;ENTRADA;Entrada Direta/Rendimento
2022-08-13;BTC;0,55574531;ENTRADA;Entrada Direta/Rendimento
2022-08-14;BTC;0,415;ENTRADA;Entrada Direta/Rendimento
2022-08-17;SOL;200,11;SAÍDA;Levantamento Externo
2022-08-17;MATIC;5457,9;SAÍDA;Levantamento Externo
2022-08-17;BUSD;25202,0;ENTRADA;Entrada Direta/Rendimento
2022-08-18;SOL;200,099995;ENTRADA;Entrada Direta/Rendimento
2022-08-19;APE;501,489;ENTRADA;Entrada Direta/Rendimento
2022-08-19;ADA;50535,511974;ENTRADA;Entrada Direta/Rendimento
2022-08-19;AVAX;1,0;SAÍDA;Levantamento Externo
2022-08-19;AVAX;500,0;SAÍDA;Levantamento Externo
2022-08-26;ETH;3,0;ENTRADA;Entrada Direta/Rendimento
2022-08-29;BTC;1,0;ENTRADA;Entrada Direta/Rendimento
2022-08-29;USDC;5600,0;SAÍDA;Levantamento Externo
2022-08-29;BUSD;20000,0;SAÍDA;Levantamento Externo
2022-08-29;BUSD;40000,0;SAÍDA;Levantamento Externo
2022-09-14;ETH;12,0;ENTRADA;Entrada Direta/Rendimento
2022-09-19;NEAR;2,0;ENTRADA;Entrada Direta/Rendimento
2022-09-19;NEAR;929,1052;SAÍDA;Levantamento Externo
2022-09-30;ETH;12,0;SAÍDA;Levantamento Externo
2022-10-07;LINK;501,50007;SAÍDA;Levantamento Externo
2022-10-11;BTC;0,96;SAÍDA;Levantamento Externo
2022-10-11;BUSD;6500,0;ENTRADA;Entrada Direta/Rendimento
2022-10-21;BTC;0,50679;SAÍDA;Levantamento Externo
2022-10-21;BUSD;30000,0;ENTRADA;Entrada Direta/Rendimento
2022-10-21;ETH;7,6101822;SAÍDA;Levantamento Externo
2022-11-14;BUSD;125,0;ENTRADA;Entrada Direta/Rendimento
2022-11-14;USDC;125,0;ENTRADA;Entrada Direta/Rendimento
2022-11-15;USDC;203,2;SAÍDA;Levantamento Externo
2022-11-16;BTC;0,501;SAÍDA;Levantamento Externo
2022-11-16;ETH;9,6906812;SAÍDA;Levantamento Externo
2022-11-17;BUSD;10370,0;ENTRADA;Entrada Direta/Rendimento
2022-11-17;BNB;50,0;ENTRADA;Entrada Direta/Rendimento
2022-11-18;BUSD;8000,0;SAÍDA;Levantamento Externo
2022-11-18;SOL;475,0;SAÍDA;Levantamento Externo
2022-11-18;MATIC;4600,0;SAÍDA;Levantamento Externo
2022-11-19;ADA;20766,6;SAÍDA;Levantamento Externo
2022-11-19;BUSD;20060,501592;ENTRADA;Entrada Direta/Rendimento
2022-11-19;USDC;20060,501592;ENTRADA;Entrada Direta/Rendimento
2022-11-26;AVAX;0,95;ENTRADA;Entrada Direta/Rendimento
2022-11-26;AVAX;500,028;ENTRADA;Entrada Direta/Rendimento
2022-11-26;SOL;474,991995;ENTRADA;Entrada Direta/Rendimento
2022-11-28;ALGO;29969,228218;ENTRADA;Entrada Direta/Rendimento
2022-11-28;ALGO;20062,024588;ENTRADA;Entrada Direta/Rendimento
2022-11-28;BTC;1,00371314;SAÍDA;Levantamento Externo
2022-11-29;BTC;0,503;SAÍDA;Levantamento Externo
2022-11-30;XRP;5014,013693;ENTRADA;Entrada Direta/Rendimento
2022-11-30;DOGE;20020,0;SAÍDA;Levantamento Externo
2022-12-02;SOL;475,0;SAÍDA;Levantamento Externo
2022-12-05;ADA;27000,6;SAÍDA;Levantamento Externo
2022-12-10;FLUX;7,17;SAÍDA;Levantamento Externo
2022-12-10;FLUX;730,19;SAÍDA;Levantamento Externo
2022-12-10;BNB;0,2;ENTRADA;Entrada Direta/Rendimento
2022-12-10;KDA;2,1;SAÍDA;Levantamento Externo
2022-12-10;KDA;4999,9;SAÍDA;Levantamento Externo
2022-12-12;BTC;1,0002;SAÍDA;Levantamento Externo
2022-12-12;BTC;0,62602418;SAÍDA;Levantamento Externo
2023-01-17;BUSD;10010,05767;ENTRADA;Entrada Direta/Rendimento
2023-01-17;USDC;10010,05767;ENTRADA;Entrada Direta/Rendimento
2023-01-17;BTC;1,15;ENTRADA;Entrada Direta/Rendimento
2023-01-17;ETH;0,135;ENTRADA;Entrada Direta/Rendimento
2023-01-17;ETH;0,192;ENTRADA;Entrada Direta/Rendimento
2023-01-18;ETH;0,035;ENTRADA;Entrada Direta/Rendimento
2023-01-18;BTC;0,0509085;ENTRADA;Entrada Direta/Rendimento
2023-01-19;ETH;10,0718872;SAÍDA;Levantamento Externo
2023-01-19;SOL;259,0;SAÍDA;Levantamento Externo
2023-01-21;BTC;1,0;ENTRADA;Entrada Direta/Rendimento
2023-01-23;SOL;242,5;SAÍDA;Levantamento Externo
2023-01-24;NEAR;2987,0;SAÍDA;Levantamento Externo
2023-01-24;SOL;306,0;SAÍDA;Levantamento Externo
2023-02-01;SOL;300,0;ENTRADA;Entrada Direta/Rendimento
2023-02-01;BTC;1,0;ENTRADA;Entrada Direta/Rendimento
2023-02-02;NEAR;1,0;ENTRADA;Entrada Direta/Rendimento
2023-02-02;NEAR;2014,0;ENTRADA;Entrada Direta/Rendimento
2023-02-03;ETH;1,21;SAÍDA;Levantamento Externo
2023-02-03;ETH;0,02786;SAÍDA;Levantamento Externo
2023-02-03;ETH;0,025792;SAÍDA;Levantamento Externo
2023-02-03;FLUX;737,02;ENTRADA;Entrada Direta/Rendimento
2023-02-03;KDA;2000,0;ENTRADA;Entrada Direta/Rendimento
2023-02-14;BUSD;50,0;SAÍDA;Levantamento Externo
2023-02-14;BUSD;4928,0;SAÍDA;Levantamento Externo
2023-02-17;BUSD;390,0355175;SAÍDA;Levantamento Externo
2023-02-18;BUSD;1347,23623;SAÍDA;Levantamento Externo
2023-02-21;NEAR;1815,0;SAÍDA;Levantamento Externo
2023-02-21;AVAX;505,3;SAÍDA;Levantamento Externo
2023-02-21;SOL;379,71;SAÍDA;Levantamento Externo
2023-02-22;KDA;2000,0;SAÍDA;Levantamento Externo
2023-02-22;AVAX;105,0;ENTRADA;Entrada Direta/Rendimento
2023-02-22;BUSD;2138,96478;SAÍDA;Levantamento Externo
2023-02-24;BUSD;2580,2219;SAÍDA;Levantamento Externo
2023-02-27;NEAR;1815,0;ENTRADA;Entrada Direta/Rendimento
2023-03-01;SOL;300,0;ENTRADA;Entrada Direta/Rendimento
2023-03-01;USDC;10837,5636;SAÍDA;Levantamento Externo
2023-03-02;ETH;0,1;SAÍDA;Levantamento Externo
2023-03-02;ETH;0,9546;SAÍDA;Levantamento Externo
2023-03-03;PYR;290,866;SAÍDA;Levantamento Externo
2023-03-03;RNDR;2006,22;SAÍDA;Levantamento Externo
2023-03-03;ETH;0,3525;SAÍDA;Levantamento Externo
2023-03-04;ETH;0,3079676;SAÍDA;Levantamento Externo
2023-03-04;ETH;0,0112;SAÍDA;Levantamento Externo
2023-03-04;FLUX;1516,37;SAÍDA;Levantamento Externo
2023-03-06;BUSD;6238,230475;SAÍDA;Levantamento Externo
2023-03-06;ADA;48361,0;ENTRADA;Entrada Direta/Rendimento
2023-03-06;USDC;16008,06811;SAÍDA;Levantamento Externo
2023-03-06;GNO;10,208;SAÍDA;Levantamento Externo
2023-03-06;USDC;178,1408;SAÍDA;Levantamento Externo
2023-03-09;USDC;7000,0;ENTRADA;Entrada Direta/Rendimento
2023-03-09;BUSD;7000,0;ENTRADA;Entrada Direta/Rendimento
2023-03-09;BUSD;1994,8575;SAÍDA;Levantamento Externo
2023-03-09;IMX;1065,24812;SAÍDA;Levantamento Externo
2023-03-09;SOL;89,91321;SAÍDA;Levantamento Externo
2023-03-09;AVAX;10,008;SAÍDA;Levantamento Externo
2023-03-09;AVAX;140,841;SAÍDA;Levantamento Externo
2023-03-10;BTC;0,0981588;ENTRADA;Entrada Direta/Rendimento
2023-03-11;USDC;6511,17251;ENTRADA;Entrada Direta/Rendimento
2023-03-11;USDC;1001,0;SAÍDA;Levantamento Externo
2023-03-11;USDC;5510,17251;SAÍDA;Levantamento Externo
2023-03-11;BUSD;1951,6026804;SAÍDA;Levantamento Externo
2023-03-11;ETH;0,65;ENTRADA;Entrada Direta/Rendimento
2023-03-11;BUSD;937,856205;SAÍDA;Levantamento Externo
2023-03-11;AVAX;566,027666;ENTRADA;Entrada Direta/Rendimento
2023-03-11;ETH;0,59;ENTRADA;Entrada Direta/Rendimento
2023-03-11;BTC;0,43853975;SAÍDA;Levantamento Externo
2023-03-11;ADA;18447,000915;ENTRADA;Entrada Direta/Rendimento
2023-03-11;BTC;0,27974769;SAÍDA;Levantamento Externo
2023-03-14;NEAR;1064,0;ENTRADA;Entrada Direta/Rendimento
2023-03-14;AVAX;129,94;SAÍDA;Levantamento Externo
2023-03-15;LINK;501,08007;ENTRADA;Entrada Direta/Rendimento
2023-03-15;GMX;46,162;SAÍDA;Levantamento Externo
2023-05-04;ETH;1,0;ENTRADA;Entrada Direta/Rendimento
2023-05-04;SOL;85,424;SAÍDA;Levantamento Externo
2023-05-05;BTC;0,10165895;ENTRADA;Entrada Direta/Rendimento
2023-05-05;BTC;0,10917083;ENTRADA;Entrada Direta/Rendimento
2023-05-05;SOL;199,17;SAÍDA;Levantamento Externo
2023-05-07;ADA;4564,4;SAÍDA;Levantamento Externo
2023-05-18;BTC;0,715;ENTRADA;Entrada Direta/Rendimento
2023-05-18;ADA;44962,9802;SAÍDA;Levantamento Externo
2023-05-26;ETH;0,13900455;ENTRADA;Entrada Direta/Rendimento
2023-05-26;ADA;698,8;SAÍDA;Levantamento Externo
2023-06-04;BTC;0,068;ENTRADA;Entrada Direta/Rendimento
2023-06-04;BTC;0,0679;ENTRADA;Entrada Direta/Rendimento
2023-06-04;BTC;0,366;ENTRADA;Entrada Direta/Rendimento
2023-06-04;SOL;250,008;SAÍDA;Levantamento Externo
2023-06-04;SOL;250,58684;SAÍDA;Levantamento Externo
2023-06-04;NEAR;810,4887;SAÍDA;Levantamento Externo
2023-06-06;RNDR;1503,36775;SAÍDA;Levantamento Externo
2023-06-07;PYR;290,8;ENTRADA;Entrada Direta/Rendimento
2023-06-07;MATIC;10057,68397535;ENTRADA;Entrada Direta/Rendimento
2023-06-07;BTC;0,32614174;SAÍDA;Levantamento Externo
2023-06-23;BTC;0,1317756;ENTRADA;Entrada Direta/Rendimento
2023-06-23;ADA;6778,3778;SAÍDA;Levantamento Externo
2023-06-23;BTC;0,06589326;SAÍDA;Levantamento Externo
2023-06-26;BTC;0,0944;ENTRADA;Entrada Direta/Rendimento
2023-06-26;AVAX;101,0;SAÍDA;Levantamento Externo
2023-06-26;NEAR;969,2542;SAÍDA;Levantamento Externo
2023-06-27;BTC;0,03710569;ENTRADA;Entrada Direta/Rendimento
2023-06-27;NEAR;570,0;SAÍDA;Levantamento Externo
2023-06-27;AVAX;22,06;SAÍDA;Levantamento Externo
2023-06-28;ETH;1,24233872;ENTRADA;Entrada Direta/Rendimento
2023-06-28;ETH;1,0;ENTRADA;Entrada Direta/Rendimento
2023-06-28;AVAX;2,8;ENTRADA;Entrada Direta/Rendimento
2023-06-28;AVAX;1,2;SAÍDA;Levantamento Externo
2023-06-28;AVAX;1,1;ENTRADA;Entrada Direta/Rendimento
2023-06-28;AVAX;226,5;SAÍDA;Levantamento Externo
2023-06-28;AVAX;3,0;SAÍDA;Levantamento Externo
2023-06-28;AVAX;97,60148;SAÍDA;Levantamento Externo
2023-06-28;AVAX;1,0;SAÍDA;Levantamento Externo
2023-06-29;BTC;0,01975439;ENTRADA;Entrada Direta/Rendimento
2023-06-29;AVAX;23,08101;SAÍDA;Levantamento Externo
2023-06-29;ADA;1134,6642;SAÍDA;Levantamento Externo
2023-07-03;BTC;0,02881624;ENTRADA;Entrada Direta/Rendimento
2023-07-03;NEAR;619,4799;SAÍDA;Levantamento Externo
2023-07-04;ETH;2,005;ENTRADA;Entrada Direta/Rendimento
2023-07-04;SOL;199,607193;SAÍDA;Levantamento Externo
2023-07-11;BTC;0,0384201;ENTRADA;Entrada Direta/Rendimento
2023-07-11;SOL;53,21673;SAÍDA;Levantamento Externo
2023-07-15;BTC;0,03226631;ENTRADA;Entrada Direta/Rendimento
2023-07-15;SOL;33,83676;SAÍDA;Levantamento Externo
2023-07-19;BTC;0,5;ENTRADA;Entrada Direta/Rendimento
2023-07-19;SOL;181,92676;SAÍDA;Levantamento Externo
2023-07-19;XRP;5014,98;SAÍDA;Levantamento Externo
2023-07-31;BTC;0,20800478;SAÍDA;Levantamento Externo
2023-08-28;KDA;1,0;ENTRADA;Entrada Direta/Rendimento
2023-08-28;KDA;5000,696036;ENTRADA;Entrada Direta/Rendimento
2023-08-28;IMX;1061,10812;ENTRADA;Entrada Direta/Rendimento
2023-08-28;RNDR;1501,54775;ENTRADA;Entrada Direta/Rendimento
2023-08-28;BUSD;5133,940585;SAÍDA;Levantamento Externo
2023-09-02;MAGIC;804,25123833;ENTRADA;Entrada Direta/Rendimento
2023-09-02;GNO;10,168;ENTRADA;Entrada Direta/Rendimento
2023-09-02;BUSD;394,98262;SAÍDA;Levantamento Externo
2023-09-02;USDT;1023,9323;SAÍDA;Levantamento Externo
2023-09-13;BTC;0,975;ENTRADA;Entrada Direta/Rendimento
2023-09-13;USDC;25638,0;SAÍDA;Levantamento Externo
2023-09-21;BTC;1,00996756;ENTRADA;Entrada Direta/Rendimento
2023-09-21;USDC;26828,0;SAÍDA;Levantamento Externo
2023-10-15;USDC;22460,0;ENTRADA;Entrada Direta/Rendimento
2023-10-15;NEAR;0,00182;ENTRADA;Entrada Direta/Rendimento
2023-10-15;NEAR;2158,0;ENTRADA;Entrada Direta/Rendimento
2023-10-15;BTC;0,91766845;SAÍDA;Levantamento Externo
2023-10-19;ADA;50151,153289;ENTRADA;Entrada Direta/Rendimento
2023-10-19;SOL;10,008;SAÍDA;Levantamento Externo
2023-10-19;SOL;40,008;SAÍDA;Levantamento Externo
2023-10-19;SOL;454,14405;SAÍDA;Levantamento Externo
2023-10-23;AVAX;250,17490895;ENTRADA;Entrada Direta/Rendimento
2023-10-23;RNDR;2003,38;ENTRADA;Entrada Direta/Rendimento
2023-10-23;BNB;0,01836771;ENTRADA;Entrada Direta/Rendimento
2023-10-23;BNB;0,1996498;ENTRADA;Entrada Direta/Rendimento
2023-10-24;ETH;0,028967;SAÍDA;Levantamento Externo
2023-10-24;USDC;10000,95;ENTRADA;Entrada Direta/Rendimento
2023-11-01;SOL;1,0;ENTRADA;Entrada Direta/Rendimento
2023-11-01;SOL;218,0;ENTRADA;Entrada Direta/Rendimento
2023-11-01;SOL;150,0;ENTRADA;Entrada Direta/Rendimento
2023-11-04;AVAX;250,12901;ENTRADA;Entrada Direta/Rendimento
2023-11-07;USDT;2094,0;SAÍDA;Levantamento Externo
2023-11-07;USDT;1200,0;SAÍDA;Levantamento Externo
2023-11-08;ETH;0,23;ENTRADA;Entrada Direta/Rendimento
2023-11-08;SOL;10,5;SAÍDA;Levantamento Externo
2023-11-08;ETH;1,11305073;ENTRADA;Entrada Direta/Rendimento
2023-11-08;USDT;1206,0;SAÍDA;Levantamento Externo
2023-11-08;SOL;20,2;SAÍDA;Levantamento Externo
2023-11-10;ETH;1,04696718;ENTRADA;Entrada Direta/Rendimento
2023-11-12;USDC;12,0;SAÍDA;Levantamento Externo
2023-11-12;USDC;9994,95;SAÍDA;Levantamento Externo
2023-11-12;IMX;2505,30909;SAÍDA;Levantamento Externo
2023-11-12;RNDR;2004,297;SAÍDA;Levantamento Externo
2023-11-12;AVAX;500,87348;ENTRADA;Entrada Direta/Rendimento
2023-11-12;SOL;43,43;ENTRADA;Entrada Direta/Rendimento
2023-11-12;BTC;0,36;ENTRADA;Entrada Direta/Rendimento
2023-11-12;USDT;4950,0;SAÍDA;Levantamento Externo
2023-11-13;USDT;3008,0;SAÍDA;Levantamento Externo
2023-11-13;IMX;2505,492;SAÍDA;Levantamento Externo
2023-11-13;RNDR;1003,995;SAÍDA;Levantamento Externo
2023-11-13;SOL;43,43;SAÍDA;Levantamento Externo
2023-11-13;BTC;0,61566172;ENTRADA;Entrada Direta/Rendimento
2023-11-13;LINK;501,498;SAÍDA;Levantamento Externo
2023-11-13;BNB;37,7716674;SAÍDA;Levantamento Externo
2023-11-13;BNB;0,35;ENTRADA;Entrada Direta/Rendimento
2023-11-13;PYR;1001,870127;SAÍDA;Levantamento Externo
2023-11-15;ETH;5,0;ENTRADA;Entrada Direta/Rendimento
2023-11-16;TIA;0,2;SAÍDA;Levantamento Externo
2023-11-16;TIA;1000,2;SAÍDA;Levantamento Externo
2023-11-16;SOL;103,43;ENTRADA;Entrada Direta/Rendimento
2023-11-16;AVAX;502,00079;SAÍDA;Levantamento Externo
2023-11-17;XRP;9990,01;ENTRADA;Entrada Direta/Rendimento
2023-11-17;USDT;6029,0;SAÍDA;Levantamento Externo
2023-11-17;TIA;2,2;SAÍDA;Levantamento Externo
2023-11-17;TIA;2,0;ENTRADA;Entrada Direta/Rendimento
2023-11-17;TIA;1003,28;SAÍDA;Levantamento Externo
2023-11-17;OSMO;194,0;SAÍDA;Levantamento Externo
2023-11-19;USDT;106,0;SAÍDA;Levantamento Externo
2023-11-20;ETH;4,96;ENTRADA;Entrada Direta/Rendimento
2023-11-20;BNB;20,31346466;SAÍDA;Levantamento Externo
2023-11-20;BNB;15,34148525;SAÍDA;Levantamento Externo
2023-11-20;USDT;1245,0;SAÍDA;Levantamento Externo
2023-11-21;TIA;987,0084;SAÍDA;Levantamento Externo
2023-11-21;USDC;20056,0;SAÍDA;Levantamento Externo
2023-11-22;BTC;0,5;ENTRADA;Entrada Direta/Rendimento
2023-11-22;USDT;4060,389596;SAÍDA;Levantamento Externo
2023-11-22;IMX;3017,095;SAÍDA;Levantamento Externo
2023-11-22;AVAX;250,008;SAÍDA;Levantamento Externo
2023-11-22;AVAX;250,55941;SAÍDA;Levantamento Externo
2023-11-30;USDC;11009,0;ENTRADA;Entrada Direta/Rendimento
2023-11-30;BTC;0,03594219;ENTRADA;Entrada Direta/Rendimento
2023-11-30;AVAX;343,42804;SAÍDA;Levantamento Externo
2023-12-01;USDC;5006,0;SAÍDA;Levantamento Externo
2023-12-02;USDC;2005,0;ENTRADA;Entrada Direta/Rendimento
2023-12-02;USDC;2005,0;SAÍDA;Levantamento Externo
2023-12-04;BTC;0,5;ENTRADA;Entrada Direta/Rendimento
2023-12-04;USDC;20752,0;SAÍDA;Levantamento Externo
2023-12-06;NEAR;1200,0;ENTRADA;Entrada Direta/Rendimento
2023-12-06;RNDR;1000,0;ENTRADA;Entrada Direta/Rendimento
2023-12-06;IMX;2000,0;ENTRADA;Entrada Direta/Rendimento
2023-12-08;ADA;461,2383;SAÍDA;Levantamento Externo
2023-12-08;ADA;447,552;SAÍDA;Levantamento Externo
2023-12-09;AVAX;95,0;ENTRADA;Entrada Direta/Rendimento
2023-12-09;AVAX;50,0;ENTRADA;Entrada Direta/Rendimento
2023-12-12;AVAX;100,0;ENTRADA;Entrada Direta/Rendimento
2023-12-12;TIA;7,96;ENTRADA;Entrada Direta/Rendimento
2023-12-13;SOL;100,0;ENTRADA;Entrada Direta/Rendimento
2023-12-14;USDT;104,0;ENTRADA;Entrada Direta/Rendimento
2023-12-14;TIA;18,0;ENTRADA;Entrada Direta/Rendimento
2023-12-15;NTRN;5,97;SAÍDA;Levantamento Externo
2023-12-15;NTRN;4040,0024;SAÍDA;Levantamento Externo
2023-12-15;USDT;862,0;SAÍDA;Levantamento Externo
2023-12-15;ETH;0,0044;SAÍDA;Levantamento Externo
2023-12-17;USDC;450,0;ENTRADA;Entrada Direta/Rendimento
2023-12-17;INJ;14,985;SAÍDA;Levantamento Externo
2023-12-19;ETH;0,5367627;SAÍDA;Levantamento Externo
2023-12-20;USDT;1239,319899;ENTRADA;Entrada Direta/Rendimento
2023-12-20;ETH;0,4;ENTRADA;Entrada Direta/Rendimento
2023-12-21;USDT;3901,0;SAÍDA;Levantamento Externo
2023-12-22;USDT;2264,553006;ENTRADA;Entrada Direta/Rendimento
2023-12-22;OSMO;68,931;SAÍDA;Levantamento Externo
2023-12-23;NTRN;959,0417;SAÍDA;Levantamento Externo
2023-12-24;AVAX;100,0;ENTRADA;Entrada Direta/Rendimento
2023-12-24;TIA;6,5;ENTRADA;Entrada Direta/Rendimento
2023-12-24;TIA;494,0;ENTRADA;Entrada Direta/Rendimento
2023-12-26;NEAR;1241,0;ENTRADA;Entrada Direta/Rendimento
2024-01-02;NEAR;10,0;ENTRADA;Entrada Direta/Rendimento
2024-01-02;NEAR;3764,98936224;ENTRADA;Entrada Direta/Rendimento
2024-01-19;OSMO;5,06;SAÍDA;Levantamento Externo
2024-01-19;OSMO;1265,668;SAÍDA;Levantamento Externo
2024-01-19;OSMO;2472,525;SAÍDA;Levantamento Externo
2024-01-29;USDT;1000,19;SAÍDA;Levantamento Externo
2024-01-31;BNB;0,04897819;SAÍDA;Levantamento Externo
2024-02-07;DYM;385,0;ENTRADA;Entrada Direta/Rendimento
2024-02-07;DYM;181,86570976;ENTRADA;Entrada Direta/Rendimento
2024-02-07;DYM;1000,0;ENTRADA;Entrada Direta/Rendimento
2024-02-07;USDT;4386,19;SAÍDA;Levantamento Externo
2024-02-08;SEI;5,0;SAÍDA;Levantamento Externo
2024-02-08;SEI;1,8;ENTRADA;Entrada Direta/Rendimento
2024-02-08;SEI;2,0;ENTRADA;Entrada Direta/Rendimento
2024-02-08;SEI;5001,0;SAÍDA;Levantamento Externo
2024-02-10;SOL;1,19;ENTRADA;Entrada Direta/Rendimento
2024-02-10;SOL;1,19;SAÍDA;Levantamento Externo
2024-02-12;USDT;751,0;SAÍDA;Levantamento Externo
2024-02-12;USDT;6001,0;SAÍDA;Levantamento Externo
2024-02-14;USDT;1415,47944;ENTRADA;Entrada Direta/Rendimento
2024-02-14;USDT;430,089054;ENTRADA;Entrada Direta/Rendimento
2024-02-14;OSMO;369,68838;SAÍDA;Levantamento Externo
2024-02-14;ADA;886,113;SAÍDA;Levantamento Externo
2024-02-16;SUI;653,0;SAÍDA;Levantamento Externo
2024-02-20;ALT;804,0;ENTRADA;Entrada Direta/Rendimento
2024-02-25;USDT;388,56;ENTRADA;Entrada Direta/Rendimento
2024-02-26;XRP;70,0;ENTRADA;Entrada Direta/Rendimento
2024-02-26;XRP;10010,174016;ENTRADA;Entrada Direta/Rendimento
2024-02-26;SOL;15,984;SAÍDA;Levantamento Externo
2024-02-29;USDC;2562,349876;ENTRADA;Entrada Direta/Rendimento
2024-02-29;USDC;2562,349876;SAÍDA;Levantamento Externo
2024-03-02;ADA;10000,0;ENTRADA;Entrada Direta/Rendimento
2024-03-07;USDC;1443,761042;ENTRADA;Entrada Direta/Rendimento
2024-03-07;USDC;1443,761042;SAÍDA;Levantamento Externo
2024-03-08;KDA;10,0;ENTRADA;Entrada Direta/Rendimento
2024-03-08;KDA;532,0;ENTRADA;Entrada Direta/Rendimento
2024-03-08;KDA;457,53233859;ENTRADA;Entrada Direta/Rendimento
2024-03-08;USDC;1454,679985;ENTRADA;Entrada Direta/Rendimento
2024-03-08;USDC;1454,679985;SAÍDA;Levantamento Externo
2024-03-11;USDT;1200,22;SAÍDA;Levantamento Externo
2024-03-12;ETH;0,0014985;SAÍDA;Levantamento Externo
2024-03-18;SOL;50,0;ENTRADA;Entrada Direta/Rendimento
2024-03-18;NEAR;270,05;SAÍDA;Levantamento Externo
2024-03-18;NEAR;2501,5769;SAÍDA;Levantamento Externo
2024-03-20;ADA;20050,813987;ENTRADA;Entrada Direta/Rendimento
2024-03-20;NEAR;423,05;SAÍDA;Levantamento Externo
2024-03-20;NEAR;1000,525;SAÍDA;Levantamento Externo
2024-03-20;USDC;6000,0;ENTRADA;Entrada Direta/Rendimento
2024-03-23;USDC;102,119183;ENTRADA;Entrada Direta/Rendimento
2024-03-23;USDT;102,00508;SAÍDA;Levantamento Externo
2024-03-23;USDC;15000,0;ENTRADA;Entrada Direta/Rendimento
2024-04-04;USDT;110,19;SAÍDA;Levantamento Externo
2024-04-05;USDT;110,19;SAÍDA;Levantamento Externo
2024-04-05;ETH;0,003;SAÍDA;Levantamento Externo
2024-04-05;USDC;101,6;SAÍDA;Levantamento Externo
2024-04-06;ADA;10000,0;ENTRADA;Entrada Direta/Rendimento
2024-04-06;NEAR;800,199;SAÍDA;Levantamento Externo
2024-04-09;USDT;100,33;SAÍDA;Levantamento Externo
2024-04-09;USDC;101,1;ENTRADA;Entrada Direta/Rendimento
2024-04-09;ETH;0,00277759;ENTRADA;Entrada Direta/Rendimento
2024-04-11;ADA;3570,0;ENTRADA;Entrada Direta/Rendimento
2024-04-11;ETH;0,58757549;SAÍDA;Levantamento Externo
2024-04-12;TAO;5,995;ENTRADA;Entrada Direta/Rendimento
2024-04-12;USDC;5801,0;SAÍDA;Levantamento Externo
2024-04-12;NEAR;999,1184;SAÍDA;Levantamento Externo
2024-04-13;ADA;10030,0;ENTRADA;Entrada Direta/Rendimento
2024-04-13;NEAR;999,0022;SAÍDA;Levantamento Externo
2024-04-13;USDT;1098,30629659;SAÍDA;Levantamento Externo
2024-04-14;ETH;0,01;ENTRADA;Entrada Direta/Rendimento
2024-04-14;ETH;4,9;ENTRADA;Entrada Direta/Rendimento
2024-04-14;NEAR;3580,416;SAÍDA;Levantamento Externo
2024-04-16;USDT;43,0;SAÍDA;Levantamento Externo
2024-04-17;SUI;7439,728;SAÍDA;Levantamento Externo
2024-04-18;ICP;10,0003;SAÍDA;Levantamento Externo
2024-04-18;ICP;1000,99556;SAÍDA;Levantamento Externo
2024-04-19;NEAR;500,5734;SAÍDA;Levantamento Externo
2024-04-19;USDC;5521,272043;ENTRADA;Entrada Direta/Rendimento
2024-04-19;USDC;354,44085;ENTRADA;Entrada Direta/Rendimento
2024-04-21;USDT;214,95465266;ENTRADA;Entrada Direta/Rendimento
2024-04-21;NEAR;485,0677;SAÍDA;Levantamento Externo
2024-04-29;DYM;1,0;ENTRADA;Entrada Direta/Rendimento
2024-04-29;DYM;30,0;ENTRADA;Entrada Direta/Rendimento
2024-04-29;TIA;31,0;ENTRADA;Entrada Direta/Rendimento
2024-04-29;TIA;31,0;ENTRADA;Entrada Direta/Rendimento
2024-04-29;DYM;15,6;ENTRADA;Entrada Direta/Rendimento
2024-04-29;USDC;241,0;ENTRADA;Entrada Direta/Rendimento
2024-04-29;USDC;425,293494;ENTRADA;Entrada Direta/Rendimento
2024-04-30;ALT;1000,0;ENTRADA;Entrada Direta/Rendimento
2024-05-01;OSMO;500,496276;ENTRADA;Entrada Direta/Rendimento
2024-05-01;USDT;502,1644;ENTRADA;Entrada Direta/Rendimento
2024-05-01;KDA;100,0;ENTRADA;Entrada Direta/Rendimento
2024-05-01;KDA;1900,0;ENTRADA;Entrada Direta/Rendimento
2024-05-01;SOL;9,7902;SAÍDA;Levantamento Externo
2024-05-01;USDT;408,589327;ENTRADA;Entrada Direta/Rendimento
2024-05-02;ADA;1900,0;ENTRADA;Entrada Direta/Rendimento
2024-05-02;USDT;1639,628765;ENTRADA;Entrada Direta/Rendimento
2024-05-02;USDT;6229,0;SAÍDA;Levantamento Externo
2024-05-02;INJ;3,929;ENTRADA;Entrada Direta/Rendimento
2024-05-03;ETH;0,143;ENTRADA;Entrada Direta/Rendimento
2024-05-03;USDT;11,0;SAÍDA;Levantamento Externo
2024-05-03;USDT;8,0;ENTRADA;Entrada Direta/Rendimento
2024-05-07;TIA;31,0;ENTRADA;Entrada Direta/Rendimento
2024-05-20;SUI;11,0;SAÍDA;Levantamento Externo
2024-05-20;SUI;2223,8452;SAÍDA;Levantamento Externo
2024-05-20;INJ;15,85640033;ENTRADA;Entrada Direta/Rendimento
2024-05-22;NEAR;400,609025;SAÍDA;Levantamento Externo
2024-05-25;USDT;1478,679102;ENTRADA;Entrada Direta/Rendimento
2024-05-25;KDA;2000,499906;ENTRADA;Entrada Direta/Rendimento
2024-05-25;USDT;1167,088183;ENTRADA;Entrada Direta/Rendimento
2024-05-25;NEAR;545,46765;SAÍDA;Levantamento Externo
2024-05-31;TIA;9,5;ENTRADA;Entrada Direta/Rendimento
2024-05-31;DYM;8,7;ENTRADA;Entrada Direta/Rendimento
2024-05-31;SAGA;4,0;ENTRADA;Entrada Direta/Rendimento
2024-05-31;TIA;9,5;ENTRADA;Entrada Direta/Rendimento
2024-05-31;USDT;520,0047;ENTRADA;Entrada Direta/Rendimento
2024-05-31;USDT;3425,00750664;SAÍDA;Levantamento Externo
2024-06-10;TIA;12,65;ENTRADA;Entrada Direta/Rendimento
2024-06-14;USDC;10040,0;ENTRADA;Entrada Direta/Rendimento
2024-06-16;BNB;15,32;ENTRADA;Entrada Direta/Rendimento
2024-06-16;NEAR;2499,90352;SAÍDA;Levantamento Externo
2024-06-21;SAGA;1,5;ENTRADA;Entrada Direta/Rendimento
2024-06-21;SAGA;249,997901;ENTRADA;Entrada Direta/Rendimento
2024-06-21;DYM;0,6;ENTRADA;Entrada Direta/Rendimento
2024-06-21;DYM;4,04;ENTRADA;Entrada Direta/Rendimento
2024-06-21;DYM;500,0;ENTRADA;Entrada Direta/Rendimento
2024-06-21;TIA;6,0;ENTRADA;Entrada Direta/Rendimento
2024-06-21;TIA;266,0;ENTRADA;Entrada Direta/Rendimento
2024-06-21;TAO;10,0;ENTRADA;Entrada Direta/Rendimento
2024-06-21;NTRN;5005,466061;ENTRADA;Entrada Direta/Rendimento
2024-06-21;SEI;5001,039617;ENTRADA;Entrada Direta/Rendimento
2024-06-23;FLUX;1510,73;ENTRADA;Entrada Direta/Rendimento
2024-06-23;USDC;248,0;ENTRADA;Entrada Direta/Rendimento
2024-06-23;ADA;2674,390344;ENTRADA;Entrada Direta/Rendimento
2024-06-23;BNB;0,03953077;ENTRADA;Entrada Direta/Rendimento
2024-06-23;ETH;0,0092693;ENTRADA;Entrada Direta/Rendimento
2024-06-23;SUI;5001,0462775;SAÍDA;Levantamento Externo
2024-06-23;WIF;1364,0;SAÍDA;Levantamento Externo
2024-06-24;ICP;1010,99516;ENTRADA;Entrada Direta/Rendimento
2024-06-24;NEAR;3526,5666525;SAÍDA;Levantamento Externo
2024-06-24;TIA;241,0;ENTRADA;Entrada Direta/Rendimento
2024-06-24;NEAR;92,8;SAÍDA;Levantamento Externo
2024-07-06;OSMO;1080,0;ENTRADA;Entrada Direta/Rendimento
2024-07-13;ATOM;53,00241;ENTRADA;Entrada Direta/Rendimento
2024-07-15;DYM;10,0;ENTRADA;Entrada Direta/Rendimento
2024-07-15;DYM;990,34243625;ENTRADA;Entrada Direta/Rendimento
2024-07-15;SAGA;250,159791;ENTRADA;Entrada Direta/Rendimento
2024-08-03;USDT;12886,01352033;SAÍDA;Levantamento Externo
2024-08-03;PYR;1000,870127;ENTRADA;Entrada Direta/Rendimento
2024-08-03;USDC;2696,0;SAÍDA;Levantamento Externo
2024-08-08;DYM;6,0;ENTRADA;Entrada Direta/Rendimento
2024-08-08;DYM;500,75000834;ENTRADA;Entrada Direta/Rendimento
2024-08-09;LINK;501,098;ENTRADA;Entrada Direta/Rendimento
2024-08-09;WIF;3217,59994;SAÍDA;Levantamento Externo
2024-08-10;USDC;10412,007075;ENTRADA;Entrada Direta/Rendimento
2024-08-10;TIA;999,007645;SAÍDA;Levantamento Externo
2024-08-10;WIF;910,13455;SAÍDA;Levantamento Externo
2024-08-11;SOL;7,033312;SAÍDA;Levantamento Externo
2024-08-13;USDC;7800,0;ENTRADA;Entrada Direta/Rendimento
2024-08-13;SUI;5000,544965;SAÍDA;Levantamento Externo
2024-08-13;TIA;880,96229;SAÍDA;Levantamento Externo
2024-09-06;ETH;10,02136742;ENTRADA;Entrada Direta/Rendimento
2024-09-09;USDC;14160,361333;ENTRADA;Entrada Direta/Rendimento
2024-09-15;USDT;11200,69774148;SAÍDA;Levantamento Externo
2024-09-24;TAO;20,04975008;ENTRADA;Entrada Direta/Rendimento
2024-09-25;USDT;873,48373391;SAÍDA;Levantamento Externo
2024-10-08;USDT;81,237278;SAÍDA;Levantamento Externo
2024-10-08;EIGEN;168,01383702;ENTRADA;Entrada Direta/Rendimento
2024-10-08;ETH;1,0;ENTRADA;Entrada Direta/Rendimento
2024-10-08;SOL;20,979;SAÍDA;Levantamento Externo
2024-10-10;XRP;9,999988;ENTRADA;Entrada Direta/Rendimento
2024-10-10;ETH;0,00551321;ENTRADA;Entrada Direta/Rendimento
2024-10-10;BNB;0,3;ENTRADA;Entrada Direta/Rendimento
2024-10-10;USDT;132,34614968;ENTRADA;Entrada Direta/Rendimento
2024-10-10;SOL;2,294;SAÍDA;Levantamento Externo
2024-10-10;ETH;0,1;ENTRADA;Entrada Direta/Rendimento
2024-10-10;SOL;1,715;SAÍDA;Levantamento Externo
2024-10-12;USDC;10043,946288;ENTRADA;Entrada Direta/Rendimento
2024-10-12;RENDER;2004,0;ENTRADA;Entrada Direta/Rendimento
2024-10-12;TIA;1927,0;ENTRADA;Entrada Direta/Rendimento
2024-10-12;ETH;1,0;ENTRADA;Entrada Direta/Rendimento
2024-10-13;SUI;227,06;SAÍDA;Levantamento Externo
2024-10-16;SOL;13,424;SAÍDA;Levantamento Externo
2024-11-05;ETH;1,0;ENTRADA;Entrada Direta/Rendimento
2024-11-05;USDT;2445,06094;SAÍDA;Levantamento Externo
2024-11-10;SUI;2,0;ENTRADA;Entrada Direta/Rendimento
2024-11-10;SUI;17810,0;ENTRADA;Entrada Direta/Rendimento
2024-11-10;SUI;2265,0;ENTRADA;Entrada Direta/Rendimento
2024-11-10;BNB;1,036;ENTRADA;Entrada Direta/Rendimento
2024-11-10;TIA;8,33;ENTRADA;Entrada Direta/Rendimento
2024-11-10;TIA;8,14;ENTRADA;Entrada Direta/Rendimento
2024-11-12;SUI;2,06;SAÍDA;Levantamento Externo
2024-11-12;SUI;20000,7537;SAÍDA;Levantamento Externo
2024-11-12;SOL;146,16;ENTRADA;Entrada Direta/Rendimento
2024-11-14;NEAR;718,0;ENTRADA;Entrada Direta/Rendimento
2024-11-14;ETH;1,10690356;ENTRADA;Entrada Direta/Rendimento
2024-11-15;SOL;45,01;SAÍDA;Levantamento Externo
2024-11-19;WIF;4445,0;ENTRADA;Entrada Direta/Rendimento
2024-11-19;IMX;6010,35609;ENTRADA;Entrada Direta/Rendimento
2024-11-19;BEAMX;301065,30276897;ENTRADA;Entrada Direta/Rendimento
2024-11-19;SUI;2000,06;SAÍDA;Levantamento Externo
2024-11-19;SUI;8000,06;SAÍDA;Levantamento Externo
2024-11-20;ETH;10,01051571;ENTRADA;Entrada Direta/Rendimento
2024-11-21;SOL;21,01;SAÍDA;Levantamento Externo
2024-11-21;ETH;0,021;ENTRADA;Entrada Direta/Rendimento
2024-11-21;BNB;0,03167654;ENTRADA;Entrada Direta/Rendimento
2024-11-21;ETH;0,0016;ENTRADA;Entrada Direta/Rendimento
2024-11-21;ETH;0,00127;ENTRADA;Entrada Direta/Rendimento
2024-11-21;ETH;0,002;ENTRADA;Entrada Direta/Rendimento
2024-11-22;ETH;0,0066;ENTRADA;Entrada Direta/Rendimento
2024-11-22;SUI;10000,8613;SAÍDA;Levantamento Externo
2024-11-22;ETH;0,00252622;ENTRADA;Entrada Direta/Rendimento
2024-11-23;SOL;6,4;SAÍDA;Levantamento Externo
2024-11-24;SOL;7,808;SAÍDA;Levantamento Externo
2024-11-24;SUI;3100,0;SAÍDA;Levantamento Externo
2024-11-25;NEAR;53,0;ENTRADA;Entrada Direta/Rendimento
2024-11-27;SOL;26,0;ENTRADA;Entrada Direta/Rendimento
2024-11-27;SOL;25,5;ENTRADA;Entrada Direta/Rendimento
2024-11-28;BTC;0,50090539;ENTRADA;Entrada Direta/Rendimento
2024-11-28;BTC;0,5346503;ENTRADA;Entrada Direta/Rendimento
2024-11-28;SUI;7000,0;SAÍDA;Levantamento Externo
2024-11-28;ETH;0,95;SAÍDA;Levantamento Externo
2024-11-28;WIF;635,828181;ENTRADA;Entrada Direta/Rendimento
2024-11-29;ETH;1,0;SAÍDA;Levantamento Externo
2024-12-02;NEAR;33,19;ENTRADA;Entrada Direta/Rendimento
2024-12-02;USDT;5050,0;SAÍDA;Levantamento Externo
2024-12-03;ETH;0,29;ENTRADA;Entrada Direta/Rendimento
2024-12-03;ETH;0,295;SAÍDA;Levantamento Externo
2024-12-03;ENA;2230,0;SAÍDA;Levantamento Externo
2024-12-04;ENA;6900,0;SAÍDA;Levantamento Externo
2024-12-06;ACX;10007,73842306;ENTRADA;Entrada Direta/Rendimento
2024-12-06;USDT;24899,9;SAÍDA;Levantamento Externo
2024-12-11;USDT;5750,0;SAÍDA;Levantamento Externo
2024-12-11;SOL;68,6;ENTRADA;Entrada Direta/Rendimento
2024-12-12;USDT;10000,0;SAÍDA;Levantamento Externo
2024-12-12;USDT;5000,0;SAÍDA;Levantamento Externo
2024-12-14;USDT;8690,0;SAÍDA;Levantamento Externo
2024-12-14;USDT;7610,0;SAÍDA;Levantamento Externo
2024-12-15;SOL;100,0;ENTRADA;Entrada Direta/Rendimento
2024-12-15;USDT;19506,0;SAÍDA;Levantamento Externo
2024-12-19;USDT;4500,0;SAÍDA;Levantamento Externo
2024-12-20;USDT;10520,99;SAÍDA;Levantamento Externo
2024-12-20;SOL;1,5;ENTRADA;Entrada Direta/Rendimento
2024-12-26;SOL;5,0;ENTRADA;Entrada Direta/Rendimento
2024-12-26;NEAR;113,0;ENTRADA;Entrada Direta/Rendimento
2024-12-30;USDT;4772,68;SAÍDA;Levantamento Externo
2025-02-03;AVAX;250,0;ENTRADA;Entrada Direta/Rendimento
2025-02-05;SOL;20,0;ENTRADA;Entrada Direta/Rendimento
2025-02-05;USDT;4105,0;SAÍDA;Levantamento Externo
2025-02-07;SOL;4,0;ENTRADA;Entrada Direta/Rendimento
2025-02-07;NEAR;244,0;ENTRADA;Entrada Direta/Rendimento
2025-02-07;USDT;1624,2;SAÍDA;Levantamento Externo
2025-02-08;TIA;25,14;ENTRADA;Entrada Direta/Rendimento
2025-02-08;TIA;25,15;ENTRADA;Entrada Direta/Rendimento
2025-02-10;AVAX;249,3;ENTRADA;Entrada Direta/Rendimento
2025-02-10;AVAX;249,3;SAÍDA;Levantamento Externo
2025-03-11;SOL;16,3;ENTRADA;Entrada Direta/Rendimento
2025-03-12;SOL;501,0;ENTRADA;Entrada Direta/Rendimento
2025-03-15;USDT;5500,0;SAÍDA;Levantamento Externo
2025-03-19;USDT;8017,99294014;ENTRADA;Entrada Direta/Rendimento
2025-03-25;USDT;9993,922723;ENTRADA;Entrada Direta/Rendimento
2025-03-25;USDT;5001,0;SAÍDA;Levantamento Externo
2025-04-01;SOL;9,0;ENTRADA;Entrada Direta/Rendimento
2025-04-01;USDT;8700,0;ENTRADA;Entrada Direta/Rendimento
2025-04-03;USDT;3091,61622809;ENTRADA;Entrada Direta/Rendimento
2025-04-03;AVAX;250,10083;ENTRADA;Entrada Direta/Rendimento
2025-04-03;OSMO;4776,730198;ENTRADA;Entrada Direta/Rendimento
2025-04-05;NEAR;287,5;ENTRADA;Entrada Direta/Rendimento
2025-04-05;NEAR;0,0001;ENTRADA;Entrada Direta/Rendimento
2025-04-06;NEAR;10000,0;ENTRADA;Entrada Direta/Rendimento
2025-04-06;NEAR;0,0001;ENTRADA;Entrada Direta/Rendimento
2025-04-06;AVAX;250,297;ENTRADA;Entrada Direta/Rendimento
2025-04-06;AVAX;250,54941;ENTRADA;Entrada Direta/Rendimento
2025-04-09;WIF;10003,0;SAÍDA;Levantamento Externo
2025-04-10;NEAR;0,0001;ENTRADA;Entrada Direta/Rendimento
2025-04-10;NEAR;10012,0;ENTRADA;Entrada Direta/Rendimento
2025-04-20;USDT;1024,941734;ENTRADA;Entrada Direta/Rendimento
2025-04-20;USDT;3048,337448;ENTRADA;Entrada Direta/Rendimento
2025-04-20;USDT;0,015;ENTRADA;Entrada Direta/Rendimento
2025-04-22;SUI;20000,0;ENTRADA;Entrada Direta/Rendimento
2025-04-23;SUI;20000,0;ENTRADA;Entrada Direta/Rendimento
2025-04-23;BNB;0,02;SAÍDA;Levantamento Externo
2025-04-23;USDT;1593,94225511;ENTRADA;Entrada Direta/Rendimento
2025-04-24;TIA;999,998133;ENTRADA;Entrada Direta/Rendimento
2025-04-24;TIA;999,998134;ENTRADA;Entrada Direta/Rendimento
2025-04-25;USDT;3931,00554836;ENTRADA;Entrada Direta/Rendimento
2025-05-01;SUI;10000,0;SAÍDA;Levantamento Externo
2025-05-01;SOL;8,42;ENTRADA;Entrada Direta/Rendimento
2025-05-04;BTC;1,00012;SAÍDA;Levantamento Externo
2025-05-06;USDT;2510,0;SAÍDA;Levantamento Externo
2025-05-12;SUI;10000,0;SAÍDA;Levantamento Externo
2025-05-12;SUI;9544,06;SAÍDA;Levantamento Externo
2025-05-12;ENA;9223,37657276;ENTRADA;Entrada Direta/Rendimento
2025-05-12;ENA;920,19698396;ENTRADA;Entrada Direta/Rendimento
2025-05-12;USDT;9100,0;SAÍDA;Levantamento Externo
2025-05-15;SUI;10000,64;SAÍDA;Levantamento Externo
2025-05-15;BTC;0,5;ENTRADA;Entrada Direta/Rendimento
2025-05-17;BTC;0,50006892;ENTRADA;Entrada Direta/Rendimento
2025-05-23;SOL;8,0;ENTRADA;Entrada Direta/Rendimento
2025-05-28;BNB;5,33;ENTRADA;Entrada Direta/Rendimento
2025-05-28;GUN;51,89;SAÍDA;Levantamento Externo
2025-05-28;GUN;50,0;ENTRADA;Entrada Direta/Rendimento
2025-05-28;GUN;60100,11;SAÍDA;Levantamento Externo
2025-05-30;SOL;3,5;ENTRADA;Entrada Direta/Rendimento
2025-05-30;USDT;2154,48607178;SAÍDA;Levantamento Externo
2025-05-30;WLD;100,1;SAÍDA;Levantamento Externo
2025-05-30;WLD;50,00922301;ENTRADA;Entrada Direta/Rendimento
2025-05-30;WLD;9950,2;SAÍDA;Levantamento Externo
2025-05-31;USDT;1000,0;SAÍDA;Levantamento Externo
2025-05-31;USDT;1000,0;SAÍDA;Levantamento Externo
2025-06-07;USDT;3,0134;ENTRADA;Entrada Direta/Rendimento
2025-06-07;USDT;8000,0;SAÍDA;Levantamento Externo
2025-06-10;USDT;10000,0;SAÍDA;Levantamento Externo
2025-06-21;WIF;10000,0;ENTRADA;Entrada Direta/Rendimento
2025-06-22;SUI;11,0;ENTRADA;Entrada Direta/Rendimento
2025-06-22;SUI;9989,0;ENTRADA;Entrada Direta/Rendimento
2025-06-24;USDT;8540,67852546;ENTRADA;Entrada Direta/Rendimento
2025-06-24;SUI;10000,0;ENTRADA;Entrada Direta/Rendimento
2025-06-27;SOL;10,0;ENTRADA;Entrada Direta/Rendimento
2025-06-29;BNB;0,01870524;ENTRADA;Entrada Direta/Rendimento
2025-06-29;BNB;0,01796;ENTRADA;Entrada Direta/Rendimento
2025-07-01;USDT;10000,0;SAÍDA;Levantamento Externo
2025-07-01;USDT;9999,9;ENTRADA;Entrada Direta/Rendimento
2025-07-01;USDT;11000,0;SAÍDA;Levantamento Externo
2025-07-01;USDT;9000,0;SAÍDA;Levantamento Externo
2025-07-02;USDT;10000,0;SAÍDA;Levantamento Externo
2025-07-12;USDT;999,8;ENTRADA;Entrada Direta/Rendimento
2025-07-13;USDT;3000,0;SAÍDA;Levantamento Externo
2025-07-13;USDT;3000,0;SAÍDA;Levantamento Externo
2025-07-13;USDT;7000,0;SAÍDA;Levantamento Externo
2025-07-17;USDT;15007,0;SAÍDA;Levantamento Externo
2025-07-18;USDT;101,0;ENTRADA;Entrada Direta/Rendimento
2025-07-18;USDT;10491,21499062;SAÍDA;Levantamento Externo
2025-07-18;USDT;9694,85;SAÍDA;Levantamento Externo
2025-07-19;USDT;4000,0;ENTRADA;Entrada Direta/Rendimento
2025-07-19;USDT;8577,95386;SAÍDA;Levantamento Externo
2025-07-20;USDT;18000,0;SAÍDA;Levantamento Externo
2025-07-22;USDT;10000,0;SAÍDA;Levantamento Externo
2025-07-23;USDT;22000,0;ENTRADA;Entrada Direta/Rendimento
2025-07-23;USDT;21940,0;ENTRADA;Entrada Direta/Rendimento
2025-08-02;USDT;2715,86737;SAÍDA;Levantamento Externo
2025-08-04;USDT;10008,39;ENTRADA;Entrada Direta/Rendimento
2025-08-06;USDT;5004,844082;SAÍDA;Levantamento Externo
2025-08-08;ETH;0,025;ENTRADA;Entrada Direta/Rendimento
2025-08-08;ETH;0,01;SAÍDA;Levantamento Externo
2025-08-08;ETH;0,015;SAÍDA;Levantamento Externo
2025-08-09;SOL;12,0;ENTRADA;Entrada Direta/Rendimento
2025-08-09;PENGU;32,0;SAÍDA;Levantamento Externo
2025-08-09;PENGU;16,0;ENTRADA;Entrada Direta/Rendimento
2025-08-09;PENGU;250016,0;SAÍDA;Levantamento Externo
2025-08-09;PENGU;250016,0;SAÍDA;Levantamento Externo
2025-08-09;USDT;2160,0;SAÍDA;Levantamento Externo
2025-08-09;ETH;0,0167;ENTRADA;Entrada Direta/Rendimento
2025-08-09;USDT;300,0;ENTRADA;Entrada Direta/Rendimento
2025-08-09;ETH;0,0868;SAÍDA;Levantamento Externo
2025-08-10;USDT;7000,0;ENTRADA;Entrada Direta/Rendimento
2025-08-10;USDT;40,643206;SAÍDA;Levantamento Externo
2025-08-10;SUI;11,0;SAÍDA;Levantamento Externo
2025-08-10;SUI;9989,26;SAÍDA;Levantamento Externo
2025-08-10;SUI;10001,06;SAÍDA;Levantamento Externo
2025-08-12;USDT;2890,0;ENTRADA;Entrada Direta/Rendimento
2025-08-13;USDT;9722,475;ENTRADA;Entrada Direta/Rendimento
2025-08-18;PENGU;250000,0;SAÍDA;Levantamento Externo
2025-08-18;PENGU;250050,0;SAÍDA;Levantamento Externo
2025-08-19;USDT;11980,55062063;ENTRADA;Entrada Direta/Rendimento
2025-08-22;USDT;2148,0;SAÍDA;Levantamento Externo
2025-09-12;USDT;2200,60247263;SAÍDA;Levantamento Externo
2025-09-14;USDC;5002,0;SAÍDA;Levantamento Externo
2025-09-17;USDT;3000,0;SAÍDA;Levantamento Externo
2025-09-18;SOL;7,0;ENTRADA;Entrada Direta/Rendimento
2025-09-19;USDT;771,52;SAÍDA;Levantamento Externo
2025-09-19;USDT;1702,2;SAÍDA;Levantamento Externo
2025-09-20;USDT;1000,0;SAÍDA;Levantamento Externo
2025-09-24;SOL;12,0;ENTRADA;Entrada Direta/Rendimento
2025-09-24;USDT;2601,65;SAÍDA;Levantamento Externo
2025-09-26;BTC;0,5;ENTRADA;Entrada Direta/Rendimento
2025-09-28;SOL;367,0;ENTRADA;Entrada Direta/Rendimento
2025-09-28;PENGU;129,0;SAÍDA;Levantamento Externo
2025-09-28;PENGU;499929,0;SAÍDA;Levantamento Externo
2025-09-28;PUMP;1572897,0;SAÍDA;Levantamento Externo
2025-09-28;SIGN;17110,0;SAÍDA;Levantamento Externo
2025-09-29;WLD;17,06;SAÍDA;Levantamento Externo
2025-09-29;WLD;108,06;SAÍDA;Levantamento Externo
2025-09-29;WLD;9874,88;SAÍDA;Levantamento Externo
2025-10-02;USDT;16807,8245;ENTRADA;Entrada Direta/Rendimento
2025-10-02;ZEC;1,02;SAÍDA;Levantamento Externo
2025-10-02;ZEC;10,0;SAÍDA;Levantamento Externo
2025-10-02;ZEC;39,18;SAÍDA;Levantamento Externo
2025-10-10;BTC;0,50100233;SAÍDA;Levantamento Externo
2025-10-10;USDC;11145,987492;ENTRADA;Entrada Direta/Rendimento
2025-10-10;USDT;167,0;ENTRADA;Entrada Direta/Rendimento
2025-10-12;SUI;5000,0;ENTRADA;Entrada Direta/Rendimento
2025-10-12;SUI;5030,0;ENTRADA;Entrada Direta/Rendimento
2025-10-12;SOL;270,37981258;ENTRADA;Entrada Direta/Rendimento
2025-10-12;SUI;10040,69295517;ENTRADA;Entrada Direta/Rendimento
2025-10-12;PENGU;500010,0002;ENTRADA;Entrada Direta/Rendimento
2025-10-12;WIF;10000,742256;ENTRADA;Entrada Direta/Rendimento
2025-10-12;USDC;50010,0;SAÍDA;Levantamento Externo
2025-10-12;BTC;0,50757754;ENTRADA;Entrada Direta/Rendimento
2025-10-14;SOL;196,91963076;ENTRADA;Entrada Direta/Rendimento
2025-10-17;USDC;10000,5;SAÍDA;Levantamento Externo
2025-10-17;USDC;40004,5;SAÍDA;Levantamento Externo
2025-10-17;USDC;50005,0;SAÍDA;Levantamento Externo
2025-10-17;USDC;25002,0;SAÍDA;Levantamento Externo
2025-10-17;BTC;0,5;ENTRADA;Entrada Direta/Rendimento
2025-10-17;USDT;3035,95889899;SAÍDA;Levantamento Externo
2025-10-18;USDT;10000,0;SAÍDA;Levantamento Externo
2025-10-19;SOL;122,0;ENTRADA;Entrada Direta/Rendimento
2025-10-21;LPT;75,0015;ENTRADA;Entrada Direta/Rendimento
2025-10-21;CETUS;4681,36635326;ENTRADA;Entrada Direta/Rendimento
2025-10-21;SUI;1535,183765;ENTRADA;Entrada Direta/Rendimento
2025-10-21;USDC;50008,500589;ENTRADA;Entrada Direta/Rendimento
2025-10-21;USDC;0,001;ENTRADA;Entrada Direta/Rendimento
2025-10-30;PUMP;1572739,0;ENTRADA;Entrada Direta/Rendimento
2025-10-31;USDT;933,0;SAÍDA;Levantamento Externo
2025-11-02;USDT;18765,29752044;ENTRADA;Entrada Direta/Rendimento
2025-11-04;USDT;3801,34376413;SAÍDA;Levantamento Externo
2025-11-04;USDC;50001,010555;SAÍDA;Levantamento Externo
2025-11-06;SUI;10138,0;ENTRADA;Entrada Direta/Rendimento
2025-11-08;USDT;17800,0;ENTRADA;Entrada Direta/Rendimento
2025-11-12;USDT;555,01;SAÍDA;Levantamento Externo
2025-11-15;BNB;0,00501;SAÍDA;Levantamento Externo
2025-11-15;USDT;30,01;SAÍDA;Levantamento Externo
2025-11-15;USDT;29970,01;SAÍDA;Levantamento Externo
2025-11-19;SIGN;17109,66;ENTRADA;Entrada Direta/Rendimento
2025-11-20;USDT;1001,01;SAÍDA;Levantamento Externo
2025-11-20;WLD;10,0;ENTRADA;Entrada Direta/Rendimento
2025-11-20;WLD;9990,0;ENTRADA;Entrada Direta/Rendimento
2025-11-21;USDT;30000,01;SAÍDA;Levantamento Externo
2025-11-21;WLD;10000,0;ENTRADA;Entrada Direta/Rendimento
2025-11-22;SOL;100,0;ENTRADA;Entrada Direta/Rendimento
2025-11-22;USDT;751,0;ENTRADA;Entrada Direta/Rendimento
2025-11-22;USDT;1610,0;ENTRADA;Entrada Direta/Rendimento
2025-11-23;USDT;100,61;SAÍDA;Levantamento Externo
2025-11-23;USDT;59900,6;SAÍDA;Levantamento Externo
2025-11-29;SUI;10106,99702;ENTRADA;Entrada Direta/Rendimento
2025-12-04;SOL;204,0;ENTRADA;Entrada Direta/Rendimento
2025-12-05;USDC;6736,2;SAÍDA;Levantamento Externo
2025-12-08;XRP;9,999988;ENTRADA;Entrada Direta/Rendimento
2025-12-08;VTHO;6004,70195934;ENTRADA;Entrada Direta/Rendimento
2025-12-08;XRP;19,0;ENTRADA;Entrada Direta/Rendimento
2025-12-11;XRP;9,0;ENTRADA;Entrada Direta/Rendimento
2025-12-11;BTC;0,00606597;ENTRADA;Entrada Direta/Rendimento
2025-12-12;ADA;2,0;SAÍDA;Levantamento Externo
2025-12-12;XRP;8,99999;ENTRADA;Entrada Direta/Rendimento
2025-12-12;ADA;10,796281;ENTRADA;Entrada Direta/Rendimento
2025-12-19;USDT;1460,01;SAÍDA;Levantamento Externo
2025-12-21;USDT;5548,01;SAÍDA;Levantamento Externo
2025-12-22;USDT;8277,01;SAÍDA;Levantamento Externo
